"","y_adj","year","iso3c","country","region","income","log_gdppc","urban","unemp","trade"
"1",0.270103931314957,1996,"ALB","Albania","Europe & Central Asia","Upper middle income",7.42879040128628,38.8996042444751,13.928,44.4117820054663
"2",0.30608766380479,2005,"ALB","Albania","Europe & Central Asia","Upper middle income",7.90576233447273,45.9937666920583,15.966,69.1162926602322
"3",0.290094893809309,2012,"ALB","Albania","Europe & Central Asia","Upper middle income",8.2353202979289,53.8637553661449,13.376,76.9683583166821
"4",0.294093086308179,2020,"ALB","Albania","Europe & Central Asia","Upper middle income",8.5133090569723,57.1408592155544,11.69,59.5206994391875
"5",0.301089923181202,2019,"ALB","Albania","Europe & Central Asia","Upper middle income",8.53157654989607,56.7639071287255,11.466,75.382128932689
"6",0.300090375056484,2008,"ALB","Albania","Europe & Central Asia","Upper middle income",8.11551538769269,49.3850699230207,13.06,75.2485472798728
"7",0.331076366922729,2017,"ALB","Albania","Europe & Central Asia","Upper middle income",8.44424195018346,55.980276426546,13.616,76.7873817898989
"8",0.337073655671035,2016,"ALB","Albania","Europe & Central Asia","Upper middle income",8.39650612371954,55.5738734464276,15.418,74.0144504546815
"9",0.317082693176683,2002,"ALB","Albania","Europe & Central Asia","Upper middle income",7.73940645239529,43.1520419609419,17.891,65.9914650336802
"10",0.328077722548577,2015,"ALB","Albania","Europe & Central Asia","Upper middle income",8.34273006712055,55.1579291374894,17.193,71.2794476606014
"11",0.301089923181202,2018,"ALB","Albania","Europe & Central Asia","Upper middle income",8.49572923096902,56.377000259892,12.304,75.6940783717425
"12",0.346069588793493,2014,"ALB","Albania","Europe & Central Asia","Upper middle income",8.30526633433528,54.7325813178673,18.055,75.0212023084129
"13",0.276101220063263,2011,"DZA","Algeria","Middle East & North Africa","Upper middle income",8.41213358633255,67.7344007507578,9.96,62.2200899610479
"14",0.353066425666516,1995,"DZA","Algeria","Middle East & North Africa","Upper middle income",8.08800508561311,56.0131170977738,31.84,55.1910052081435
"15",0.427032986895617,2008,"AGO","Angola","Sub-Saharan Africa","Lower middle income",8.17728973793169,58.5851745819614,16.228,108.680408741993
"16",0.512994125621329,2018,"AGO","Angola","Sub-Saharan Africa","Lower middle income",8.06990248216674,65.8732136723372,16.594,58.916480075976
"17",0.450022593764121,2008,"ARG","Argentina","Latin America & Caribbean","Upper middle income",9.48777186327693,90.6521912139817,7.837,40.4026733790382
"18",0.424034342521464,2023,"ARG","Argentina","Latin America & Caribbean","Upper middle income",9.47217317887909,92.1945132257907,6.139,26.6769512482215
"19",0.427032986895617,2020,"ARG","Argentina","Latin America & Caribbean","Upper middle income",9.34075885164215,91.9439026594897,11.461,30.203698807416
"20",0.424034342521464,2021,"ARG","Argentina","Latin America & Caribbean","Upper middle income",9.43741866562344,92.0292776175651,8.736,33.078689567466
"21",0.407042024401265,2022,"ARG","Argentina","Latin America & Caribbean","Upper middle income",9.49377517837597,92.112838186126,6.805,31.5801792606256
"22",0.424034342521464,2024,"ARG","Argentina","Latin America & Caribbean","Upper middle income",9.45519458479085,92.2742315972952,7.876,27.929760849367
"23",0.46301671938545,2007,"ARG","Argentina","Latin America & Caribbean","Upper middle income",9.45812987103844,90.4796632279031,8.47,40.945170618571
"24",0.448023497514686,1993,"ARG","Argentina","Latin America & Caribbean","Upper middle income",9.20237609977051,87.7307713525095,10.1,16.223151447784
"25",0.43802801626751,2009,"ARG","Argentina","Latin America & Caribbean","Upper middle income",9.41616509157774,90.8209023233265,8.645,34.0571269054879
"26",0.433030275643922,2019,"ARG","Argentina","Latin America & Caribbean","Upper middle income",9.44986091023742,91.8567844513802,9.843,32.6306150458499
"27",0.53298508811568,2001,"ARG","Argentina","Latin America & Caribbean","Upper middle income",9.21552141181042,89.3682951289372,17.32,21.8522554515453
"28",0.537982828739268,2002,"ARG","Argentina","Latin America & Caribbean","Upper middle income",9.08947832521894,89.5616701920513,19.59,41.7527243585642
"29",0.509995481247176,2003,"ARG","Argentina","Latin America & Caribbean","Upper middle income",9.16382846443413,89.752468256564,15.36,40.6447480311085
"30",0.478009941256213,2005,"ARG","Argentina","Latin America & Caribbean","Upper middle income",9.31467794732434,90.1233737736072,11.506,40.5512709706238
"31",0.468014460009037,1991,"ARG","Argentina","Latin America & Caribbean","Upper middle income",9.07450039492738,87.2150276705697,5.44,13.7530541588891
"32",0.455020334387709,1992,"ARG","Argentina","Latin America & Caribbean","Upper middle income",9.1370368216903,87.4815873775619,6.36,14.730980586353
"33",0.464016267510167,2006,"ARG","Argentina","Latin America & Caribbean","Upper middle income",9.38179300509717,90.3033726521064,10.078,40.4334798719151
"34",0.437028468142793,2010,"ARG","Argentina","Latin America & Caribbean","Upper middle income",9.50205097211623,90.9930051940977,7.714,34.9710132635696
"35",0.427032986895617,2011,"ARG","Argentina","Latin America & Caribbean","Upper middle income",9.54970975869115,91.1072286738406,7.18,35.2061549999644
"36",0.418037053773159,2014,"ARG","Argentina","Latin America & Caribbean","Upper middle income",9.5071901856661,91.3975345472954,7.268,28.4067936452275
"37",0.417037505648441,2018,"ARG","Argentina","Latin America & Caribbean","Upper middle income",9.47718141186775,91.7679941327998,9.22,30.7625359549926
"38",0.414038861274288,2017,"ARG","Argentina","Latin America & Caribbean","Upper middle income",9.51193370641233,91.6776028433824,8.347,25.2896011376779
"39",0.509995481247176,2000,"ARG","Argentina","Latin America & Caribbean","Upper middle income",9.27159071459115,89.1760271133454,15,22.6224447777343
"40",0.489004970628107,1995,"ARG","Argentina","Latin America & Caribbean","Upper middle income",9.20372934334302,88.1853677511823,18.8,19.7714230903755
"41",0.495002259376412,1996,"ARG","Argentina","Latin America & Caribbean","Upper middle income",9.24494854062712,88.3954731355194,17.11,21.5064684057215
"42",0.485006778129236,2004,"ARG","Argentina","Latin America & Caribbean","Upper middle income",9.24013667335653,89.9397208794212,13.522,40.692646108947
"43",0.498000903750565,1999,"ARG","Argentina","Latin America & Caribbean","Upper middle income",9.29084327540236,88.9851757922053,14.05,21.3827449624898
"44",0.506996836873023,1998,"ARG","Argentina","Latin America & Caribbean","Upper middle income",9.33681461498634,88.793030675725,12.65,23.3500279730689
"45",0.459018526886579,1994,"ARG","Argentina","Latin America & Caribbean","Upper middle income",9.24569716059452,87.964582650281,11.76,18.1343458669981
"46",0.411040216900136,2013,"ARG","Argentina","Latin America & Caribbean","Upper middle income",9.54295482571449,91.3014507719473,7.1,29.3339290021037
"47",0.423034794396746,2016,"ARG","Argentina","Latin America & Caribbean","Upper middle income",9.49295106146972,91.5856817228217,8.085,26.0938878488799
"48",0.491004066877542,1997,"ARG","Argentina","Latin America & Caribbean","Upper middle income",9.31079078476343,88.5972452835983,14.82,23.3361788437439
"49",0.414038861274288,2012,"ARG","Argentina","Latin America & Caribbean","Upper middle income",9.5291159002986,91.2041217246797,7.217,30.5265423717108
"50",0.279099864437415,2022,"ARM","Armenia","Europe & Central Asia","Upper middle income",8.47449544233489,65.5624462874485,13.379,103.878629213508
"51",0.354065973791234,2001,"ARM","Armenia","Europe & Central Asia","Upper middle income",7.20868969514134,64.8228123790872,10.992,69.8642663925336
"52",0.300090375056484,2010,"ARM","Armenia","Europe & Central Asia","Upper middle income",7.93597422820869,64.3304164043132,19.523,64.642975973633
"53",0.251112516945323,2020,"ARM","Armenia","Europe & Central Asia","Upper middle income",8.30204023870343,65.174217253699,18.175,70.1213571368789
"54",0.280099412562133,2009,"ARM","Armenia","Europe & Central Asia","Upper middle income",7.9072741735352,64.3519530388516,19.295,57.2742357441995
"55",0.294093086308179,2011,"ARM","Armenia","Europe & Central Asia","Upper middle income",7.98746906771339,64.3207449145194,18.884,69.4355736620453
"56",0.362062358788974,1999,"ARM","Armenia","Europe & Central Asia","Upper middle income",7.07365389785595,65.1678732605826,11.2,70.5604791440404
"57",0.315083596927248,2014,"ARM","Armenia","Europe & Central Asia","Upper middle income",8.12949703328036,64.4142934233291,17.498,75.778866962639
"58",0.272103027564392,2023,"ARM","Armenia","Europe & Central Asia","Upper middle income",8.55588204972437,65.6956882008852,13.245,123.418750077627
"59",0.344070492544058,2018,"ARM","Armenia","Europe & Central Asia","Upper middle income",8.30098402411806,64.8502833795679,18.966,92.473107021212
"60",0.444025305015816,1996,"ARM","Armenia","Europe & Central Asia","Upper middle income",6.90347440441966,66.0590724916631,9.3,79.2295601199241
"61",0.296092182557614,2012,"ARM","Armenia","Europe & Central Asia","Upper middle income",8.05825091374819,64.3268379506998,17.511,75.9616759606704
"62",0.300090375056484,2019,"ARM","Armenia","Europe & Central Asia","Upper middle income",8.37642617516445,65.0047033570428,18.304,97.847004865327
"63",0.30608766380479,2013,"ARM","Armenia","Europe & Central Asia","Upper middle income",8.09141276658874,64.3584061131466,16.576,77.5550481598824
"64",0.348068685042928,2002,"ARM","Armenia","Europe & Central Asia","Upper middle income",7.33641889469687,64.7396211980252,10.833,73.9845018432309
"65",0.279099864437415,2021,"ARM","Armenia","Europe & Central Asia","Upper middle income",8.35815047524684,65.3572875314441,15.469,79.2489057647112
"66",0.336074107546317,2017,"ARM","Armenia","Europe & Central Asia","Upper middle income",8.2467941676241,64.7124948593667,17.704,87.202376539837
"67",0.330076818798012,2003,"ARM","Armenia","Europe & Central Asia","Upper middle income",7.47286841351993,64.6663537455064,10.705,80.0513676022426
"68",0.324079530049706,2015,"ARM","Armenia","Europe & Central Asia","Upper middle income",8.16405299368544,64.4929623431549,18.261,71.6820743427575
"69",0.292093990058744,2008,"ARM","Armenia","Europe & Central Asia","Upper middle income",8.05240217208556,64.3840928379746,17.1,54.5423279613666
"70",0.375056484410303,2004,"ARM","Armenia","Europe & Central Asia","Upper middle income",7.57825934040802,64.5972633621116,10.617,73.0706339919371
"71",0.325079078174424,2016,"ARM","Armenia","Europe & Central Asia","Upper middle income",8.17015312152709,64.5928753345316,17.617,76.0779674593548
"72",0.312084952553095,2007,"ARM","Armenia","Europe & Central Asia","Upper middle income",7.97912431526816,64.4257647857723,10.394,56.9750470853147
"73",0.360063262539539,2005,"ARM","Armenia","Europe & Central Asia","Upper middle income",7.71427254225018,64.5334210637509,10.54,70.1397385835334
"74",0.297091730682332,2006,"ARM","Armenia","Europe & Central Asia","Upper middle income",7.84441140666445,64.4758978663344,10.465,61.0301379818566
"75",0.326078626299141,1995,"AUS","Australia","East Asia & Pacific","High income",10.5817130756598,85.2868710503009,8.473,37.646874037201
"76",0.338073203795752,2020,"AUS","Australia","East Asia & Pacific","High income",10.9746903951631,87.2713470458985,6.456,44.499564103879
"77",0.347069136918211,2010,"AUS","Australia","East Asia & Pacific","High income",10.8924402781191,86.2198600512143,5.214,40.3905070860606
"78",0.331076366922729,2004,"AUS","Australia","East Asia & Pacific","High income",10.8201500242742,85.518767609412,5.399,36.9505159618289
"79",0.354065973791234,2008,"AUS","Australia","East Asia & Pacific","High income",10.8873860036497,86.0253816967666,4.242,42.7522207880308
"80",0.34307094441934,2018,"AUS","Australia","East Asia & Pacific","High income",10.9814328478101,87.2267680845925,5.3,43.5732253645218
"81",0.3350745594216,2003,"AUS","Australia","East Asia & Pacific","High income",10.7895182986886,85.4097077818668,5.933,40.1348011794482
"82",0.3350745594216,2001,"AUS","Australia","East Asia & Pacific","High income",10.7432130331826,85.1481094164726,6.747,44.1337313971929
"83",0.337073655671035,2016,"AUS","Australia","East Asia & Pacific","High income",10.961850592227,87.0166295249235,5.711,40.813402217321
"84",0.344070492544058,2014,"AUS","Australia","East Asia & Pacific","High income",10.9432660173386,86.7221289343356,6.078,42.2993095385282
"85",0.287096249435156,2005,"AUT","Austria","Europe & Central Asia","High income",10.6210593385049,66.9797950654143,5.682,94.6747547827805
"86",0.298091278807049,2004,"AUT","Austria","Europe & Central Asia","High income",10.6049334710774,66.9558612872944,5.969,91.4742201880009
"87",0.296092182557614,2006,"AUT","Austria","Europe & Central Asia","High income",10.6482816628271,67.0006968062814,5.32,98.7857253161241
"88",0.295092634432897,2003,"AUT","Austria","Europe & Central Asia","High income",10.585808554858,66.9263574955092,4.779,86.8822263228608
"89",0.30608766380479,2007,"AUT","Austria","Europe & Central Asia","High income",10.6820972705618,67.0211044863084,4.909,101.36495843546
"90",0.305088115680072,2012,"AUT","Austria","Europe & Central Asia","High income",10.6969654695401,67.2085909812279,4.909,105.840791389706
"91",0.290094893809309,2000,"AUT","Austria","Europe & Central Asia","High income",10.5602582042413,66.7690238969566,4.687,85.8426077336549
"92",0.308086760054225,2016,"AUT","Austria","Europe & Central Asia","High income",10.7001536353359,67.7218061923556,6.064,101.573494597172
"93",0.308086760054225,2013,"AUT","Austria","Europe & Central Asia","High income",10.6885611843092,67.2981308784247,5.367,104.985374015367
"94",0.305088115680072,2014,"AUT","Austria","Europe & Central Asia","High income",10.6882753379933,67.4154327591781,5.674,104.49673998926
"95",0.305088115680072,2015,"AUT","Austria","Europe & Central Asia","High income",10.6900164186606,67.5576175537383,5.802,103.11758174626
"96",0.313084500677813,1998,"AUT","Austria","Europe & Central Asia","High income",10.4962824623593,66.5106754931446,5.483,77.3495216604118
"97",0.297091730682332,2017,"AUT","Austria","Europe & Central Asia","High income",10.7156756126959,67.9051196052802,5.561,105.556066755438
"98",0.308086760054225,2011,"AUT","Austria","Europe & Central Asia","High income",10.695262034268,67.1484255415056,4.637,105.775098372378
"99",0.291094441934026,1997,"AUT","Austria","Europe & Central Asia","High income",10.4630471136735,66.3274969714236,5.15,75.2444760305554
"100",0.303089019430637,2010,"AUT","Austria","Europe & Central Asia","High income",10.6697784826643,67.1047429254747,4.883,99.6448825546716
"101",0.304088567555355,2008,"AUT","Austria","Europe & Central Asia","High income",10.6933953196879,67.0435560819078,4.198,102.7437043613
"102",0.293093538183461,1996,"AUT","Austria","Europe & Central Asia","High income",10.4429489181439,66.1109299621598,5.282,70.4693162982812
"103",0.308086760054225,1994,"AUT","Austria","Europe & Central Asia","High income",10.3975842836753,65.585473658006,3.535,66.246573910845
"104",0.299090826931767,1995,"AUT","Austria","Europe & Central Asia","High income",10.4223833593893,65.8629352596037,4.345,68.5250057529972
"105",0.309086308178943,2022,"AUT","Austria","Europe & Central Asia","High income",10.7649508372194,68.998085127906,4.992,123.579578652902
"106",0.297091730682332,1999,"AUT","Austria","Europe & Central Asia","High income",10.5312657308573,66.6585047330725,4.699,78.5629329772961
"107",0.312084952553095,2023,"AUT","Austria","Europe & Central Asia","High income",10.7471626758148,69.2265358276021,5.264,115.152914822732
"108",0.308086760054225,2018,"AUT","Austria","Europe & Central Asia","High income",10.7353435540988,68.1046787227623,4.933,108.377969971828
"109",0.298091278807049,2020,"AUT","Austria","Europe & Central Asia","High income",10.6788757530264,68.5410177924001,5.201,99.9482141095975
"110",0.307087211929507,2021,"AUT","Austria","Europe & Central Asia","High income",10.7225764721391,68.773601700253,6.459,111.032932124165
"111",0.315083596927248,2009,"AUT","Austria","Europe & Central Asia","High income",10.6542542753682,67.0705895694924,5.371,87.6004931021953
"112",0.30208947130592,2019,"AUT","Austria","Europe & Central Asia","High income",10.7482943609556,68.3176044750522,4.56,108.207284904426
"113",0.266105738816087,2004,"AZE","Azerbaijan","Europe & Central Asia","Upper middle income",7.65513179667232,52.2831993103027,7.99,121.507115894117
"114",0.266105738816087,2005,"AZE","Azerbaijan","Europe & Central Asia","Upper middle income",7.89146868999606,52.5028533935547,7.26,115.841884607706
"115",0.268104835065522,2003,"AZE","Azerbaijan","Europe & Central Asia","Upper middle income",7.57538262303515,51.7257995605469,9.17,107.551948506262
"116",0.346069588793493,1995,"AZE","Azerbaijan","Europe & Central Asia","Upper middle income",7.02135953160577,52.3116760253906,7.2,85.8937107507733
"117",0.365061003163127,2001,"AZE","Azerbaijan","Europe & Central Asia","Upper middle income",7.40302248303462,51.1584815979004,10.91,78.8151854917601
"118",0.253111613194758,2002,"AZE","Azerbaijan","Europe & Central Asia","Upper middle income",7.48575711253238,51.2144165039062,10.04,92.8181443298969
"119",0.321080885675554,2010,"BGD","Bangladesh","South Asia","Lower middle income",6.84977041287531,27.7254372588696,3.379,37.8028426708321
"120",0.309086308178943,2022,"BGD","Bangladesh","South Asia","Lower middle income",7.49795533274916,31.673734726234,4.593,33.7799672705735
"121",0.324079530049706,2016,"BGD","Bangladesh","South Asia","Lower middle income",7.16998946853481,29.8753915517965,4.35,31.3341501346142
"122",0.329077270673294,1995,"BGD","Bangladesh","South Asia","Lower middle income",6.28773205893404,21.661231550566,2.441,28.2094960764218
"123",0.276101220063263,1991,"BGD","Bangladesh","South Asia","Lower middle income",6.17518795205369,20.2666857869933,2.2,18.8898268850747
"124",0.334075011296882,2000,"BGD","Bangladesh","South Asia","Lower middle income",6.43062305811043,23.3145114975244,3.27,29.3217143619038
"125",0.332075915047447,2005,"BGD","Bangladesh","South Asia","Lower middle income",6.60557355055482,25.4769540701509,4.25,34.396934864465
"126",0.216128332580208,1993,"BLR","Belarus","Europe & Central Asia","Upper middle income",7.77169327929651,67.5179672241211,8.5,150.964467005076
"127",0.253111613194758,2016,"BLR","Belarus","Europe & Central Asia","Upper middle income",8.66754264289059,76.8458709716797,5.844,125.209322899662
"128",0.287096249435156,1995,"BLR","Belarus","Europe & Central Asia","Upper middle income",7.54187439543109,68.0162734985352,17.7,103.718194772782
"129",0.256110257568911,2015,"BLR","Belarus","Europe & Central Asia","Upper middle income",8.69400894414777,76.6263885498047,5.881,115.914826201946
"130",0.254111161319476,2017,"BLR","Belarus","Europe & Central Asia","Upper middle income",8.69364701474173,77.0208206176758,5.648,133.367754723012
"131",0.252112065070041,2018,"BLR","Belarus","Europe & Central Asia","Upper middle income",8.72679153118074,77.2132720947266,4.763,139.393736250171
"132",0.2441156800723,2020,"BLR","Belarus","Europe & Central Asia","Upper middle income",8.7406549304532,77.7890385790408,4.049,118.934176146534
"133",0.30608766380479,2001,"BLR","Belarus","Europe & Central Asia","Upper middle income",7.92045874519472,70.3147201538086,11.609,137.044930473063
"134",0.317082693176683,1999,"BLR","Belarus","Europe & Central Asia","Upper middle income",7.80806679730829,69.4807636785987,12.8,120.835117829629
"135",0.276101220063263,2005,"BLR","Belarus","Europe & Central Asia","Upper middle income",8.2630019577249,72.0310134887695,8.728,118.88435169233
"136",0.303089019430637,2002,"BLR","Belarus","Europe & Central Asia","Upper middle income",7.97604559296227,70.8804702758789,10.908,131.002058282291
"137",0.288095797559873,2003,"BLR","Belarus","Europe & Central Asia","Upper middle income",8.05110591979857,71.3092422485352,10.215,134.141852273225
"138",0.265106190691369,2004,"BLR","Belarus","Europe & Central Asia","Upper middle income",8.16633118426898,71.7658538818359,9.452,142.136510387704
"139",0.283098056936286,2006,"BLR","Belarus","Europe & Central Asia","Upper middle income",8.36443505160253,72.6113815307617,8.024,124.295103889386
"140",0.296092182557614,2007,"BLR","Belarus","Europe & Central Asia","Upper middle income",8.45152480922662,73.0913467407227,7.38,128.153877979073
"141",0.320081337550836,1998,"BLR","Belarus","Europe & Central Asia","Upper middle income",7.77013173048533,69.0234222412109,14,122.957697735989
"142",0.266105738816087,2013,"BLR","Belarus","Europe & Central Asia","Upper middle income",8.71857083563819,75.94970703125,5.937,119.815965235724
"143",0.272103027564392,2014,"BLR","Belarus","Europe & Central Asia","Upper middle income",8.73438573844738,76.3405227661133,5.902,110.651424367582
"144",0.312084952553095,2000,"BLR","Belarus","Europe & Central Asia","Upper middle income",7.86915847504411,69.9172295434732,12.224,141.609165955024
"145",0.278100316312698,2008,"BLR","Belarus","Europe & Central Asia","Upper middle income",8.55210566583693,73.5531692504883,6.698,129.599478545475
"146",0.253111613194758,2019,"BLR","Belarus","Europe & Central Asia","Upper middle income",8.74317033829351,77.4550771852757,4.165,130.850406102184
"147",0.272103027564392,2011,"BLR","Belarus","Europe & Central Asia","Upper middle income",8.68974888225533,75.0597534179688,6.022,157.974255073313
"148",0.265106190691369,2012,"BLR","Belarus","Europe & Central Asia","Upper middle income",8.70824938506413,75.5281066894531,5.946,153.085269313372
"149",0.27710076818798,2009,"BLR","Belarus","Europe & Central Asia","Upper middle income",8.55656277532507,74.1909646620571,6.1,108.63564482836
"150",0.286096701310438,2010,"BLR","Belarus","Europe & Central Asia","Upper middle income",8.63339170434918,74.5501403808594,6.045,115.917972989303
"151",0.293093538183461,2005,"BEL","Belgium","Europe & Central Asia","High income",10.5621794208648,83.5645449743707,8.44,144.529050669983
"152",0.28109896068685,2003,"BEL","Belgium","Europe & Central Asia","High income",10.5139667262653,82.9609538786731,7.68,132.715552833888
"153",0.331076366922729,2000,"BEL","Belgium","Europe & Central Asia","High income",10.4878883629695,82.0152520403035,6.586,142.230135067034
"154",0.275101671938545,2012,"BEL","Belgium","Europe & Central Asia","High income",10.5984953211381,85.4915403816388,7.542,160.383301425059
"155",0.27710076818798,2013,"BEL","Belgium","Europe & Central Asia","High income",10.5968322083251,85.7415410247275,8.425,157.573622782434
"156",0.305088115680072,2004,"BEL","Belgium","Europe & Central Asia","High income",10.5447280215736,83.2655230829461,7.363,136.918405348432
"157",0.28109896068685,2011,"BEL","Belgium","Europe & Central Asia","High income",10.6025412460259,85.2349607044689,7.14,160.765516888126
"158",0.276101220063263,2016,"BEL","Belgium","Europe & Central Asia","High income",10.6255352187706,86.4507790979645,7.83,159.057696611945
"159",0.292093990058744,2007,"BEL","Belgium","Europe & Central Asia","High income",10.6095530393254,84.1454309580577,7.459,152.468446875303
"160",0.27710076818798,2015,"BEL","Belgium","Europe & Central Asia","High income",10.6187338522628,86.2212893480444,8.482,155.068682045926
"161",0.284097605061003,2010,"BEL","Belgium","Europe & Central Asia","High income",10.5964238263725,84.9719309583717,8.293,150.162563621427
"162",0.268104835065522,1997,"BEL","Belgium","Europe & Central Asia","High income",10.4040052621756,81.0242671318444,8.95,125.68894005618
"163",0.284097605061003,1995,"BEL","Belgium","Europe & Central Asia","High income",10.3580165227049,80.3401728004321,9.337,116.378567821327
"164",0.28109896068685,2006,"BEL","Belgium","Europe & Central Asia","High income",10.5807869636373,83.8578905877926,8.246,149.567509299511
"165",0.28109896068685,2014,"BEL","Belgium","Europe & Central Asia","High income",10.6098942731349,85.9848336685807,8.523,158.571610953523
"166",0.249113420695888,1992,"BEL","Belgium","Europe & Central Asia","High income",10.3214368918003,79.2814540177363,6.702,115.069287501636
"167",0.274102123813827,2017,"BEL","Belgium","Europe & Central Asia","High income",10.6363199688509,86.6731739531869,7.09,166.904078237791
"168",0.266105738816087,2021,"BEL","Belgium","Europe & Central Asia","High income",10.6722283505051,87.4305564090635,6.248,177.381892440073
"169",0.268104835065522,2023,"BEL","Belgium","Europe & Central Asia","High income",10.7114398618018,87.551492636772,5.528,165.846946501713
"170",0.264106642566652,2022,"BEL","Belgium","Europe & Central Asia","High income",10.7029465329077,87.489200269855,5.57,191.179031303786
"171",0.260108450067781,2020,"BEL","Belgium","Europe & Central Asia","High income",10.6156778025722,87.2964994991269,5.545,156.950121282783
"172",0.272103027564392,2018,"BEL","Belgium","Europe & Central Asia","High income",10.65037364544,86.8883449485575,5.941,168.277692877218
"173",0.286096701310438,2009,"BEL","Belgium","Europe & Central Asia","High income",10.5788178902682,84.7025801085014,7.908,135.13840572229
"174",0.272103027564392,2019,"BEL","Belgium","Europe & Central Asia","High income",10.6691043191879,87.0961631189222,5.364,165.46547893199
"175",0.284097605061003,2008,"BEL","Belgium","Europe & Central Asia","High income",10.6061123656213,84.427037120012,6.976,161.088447790447
"176",0.601953908721193,1993,"BLZ","Belize","Latin America & Caribbean","Upper middle income",8.55001436998666,47.3536666895074,9.78,75.74810886971
"177",0.608950745594216,1994,"BLZ","Belize","Latin America & Caribbean","Upper middle income",8.52851921160216,47.4066621669842,11.1,80.8829702605987
"178",0.399045639403525,2018,"BLZ","Belize","Latin America & Caribbean","Upper middle income",8.64955575614776,43.164848281502,7.896,100.989214362975
"179",0.531985539990963,1999,"BLZ","Belize","Latin America & Caribbean","Upper middle income",8.55901940780609,47.6748311644458,12.84,93.3222988336503
"180",0.548977858111161,1998,"BLZ","Belize","Latin America & Caribbean","Upper middle income",8.50338935352205,47.6419509742997,14.31,85.2837692818555
"181",0.574966109353818,1995,"BLZ","Belize","Latin America & Caribbean","Upper middle income",8.51076488167121,47.4683420814088,12.48,77.3367628065445
"182",0.56597017623136,1996,"BLZ","Belize","Latin America & Caribbean","Upper middle income",8.49201009235431,47.5323526855742,13.82,79.5739076328491
"183",0.603953004970628,1997,"BLZ","Belize","Latin America & Caribbean","Upper middle income",8.50011627549499,47.5923402322735,12.68,85.4507314878676
"184",0.43402982376864,2011,"BEN","Benin","Sub-Saharan Africa","Lower middle income",6.83272609646856,43.4616136137276,2.647,47.2170288118403
"185",0.344070492544058,2021,"BEN","Benin","Sub-Saharan Africa","Lower middle income",7.07019489025113,50.1961807561354,1.779,48.0548608324409
"186",0.379054676909173,2018,"BEN","Benin","Sub-Saharan Africa","Lower middle income",6.97681903475477,47.9952829275963,1.41,61.7951944903448
"187",0.386051513782196,2003,"BEN","Benin","Sub-Saharan Africa","Lower middle income",6.79810419777769,39.4169696013044,0.747,41.6162305574334
"188",0.476010845006778,2015,"BEN","Benin","Sub-Saharan Africa","Lower middle income",6.91017122702415,45.9407403257663,1.82,56.7563131849476
"189",0.285097153185721,2022,"BTN","Bhutan","South Asia","Lower middle income",8.11663594890716,40.9365143617581,5.947,85.5712165226139
"190",0.374056936285585,2017,"BTN","Bhutan","South Asia","Lower middle income",8.07458961898907,37.8645544995016,3.016,76.7884016850221
"191",0.381053773158608,2007,"BTN","Bhutan","South Asia","Lower middle income",7.57674159539281,32.1738216649326,3.7,106.929022415
"192",0.4090411206507,2003,"BTN","Bhutan","South Asia","Lower middle income",7.31748811747887,29.6328608739429,1.8,72.8499006593611
"193",0.388050610031631,2012,"BTN","Bhutan","South Asia","Lower middle income",7.88410500994692,35.0188644248365,2.05,94.0450271469571
"194",0.478009941256213,2014,"BOL","Bolivia","Latin America & Caribbean","Lower middle income",7.97277714545269,68.037425413,2.021,85.2644695625131
"195",0.452021690013556,2016,"BOL","Bolivia","Latin America & Caribbean","Lower middle income",8.03189579058125,68.7446327876947,3.498,56.4010345026573
"196",0.421035698147311,2023,"BOL","Bolivia","Latin America & Caribbean","Lower middle income",8.04647586578285,70.9151414044538,3.024,49.6083255594597
"197",0.446024401265251,2017,"BOL","Bolivia","Latin America & Caribbean","Lower middle income",8.05837927114523,69.0838016274736,3.655,45.5761123650708
"198",0.466015363759602,2012,"BOL","Bolivia","Latin America & Caribbean","Lower middle income",7.88504283602085,67.2581444827699,2.066,84.9487611684942
"199",0.46701491188432,2015,"BOL","Bolivia","Latin America & Caribbean","Lower middle income",8.00503764973914,68.3958051297665,3.111,67.9328451905248
"200",0.579963849977406,1999,"BOL","Bolivia","Latin America & Caribbean","Lower middle income",7.60037499050771,61.3856107973717,2.303,44.1682564870165
"201",0.426033438770899,2018,"BOL","Bolivia","Latin America & Caribbean","Lower middle income",8.07232280607956,69.4133879813999,3.519,46.9261953417368
"202",0.4090411206507,2021,"BOL","Bolivia","Latin America & Caribbean","Lower middle income",8.01021054330958,70.3450412826165,5.089,47.6670843158984
"203",0.476010845006778,2013,"BOL","Bolivia","Latin America & Caribbean","Lower middle income",7.93505578491809,67.6697055519889,2.437,81.2309075267174
"204",0.461017623136015,2011,"BOL","Bolivia","Latin America & Caribbean","Lower middle income",7.85108533766471,66.833715633176,2.255,82.4803954243518
"205",0.580963398102124,1997,"BOL","Bolivia","Latin America & Caribbean","Lower middle income",7.58215993182036,60.4239436835356,2.08,50.4696628058748
"206",0.615947582467239,2000,"BOL","Bolivia","Latin America & Caribbean","Lower middle income",7.60797253087507,61.8587201575591,2.447,45.5977750218555
"207",0.573966561229101,2001,"BOL","Bolivia","Latin America & Caribbean","Lower middle income",7.60780151167407,62.3374810379005,2.636,45.2278224315522
"208",0.436028920018075,2020,"BOL","Bolivia","Latin America & Caribbean","Lower middle income",7.92482944602464,70.0442635528254,7.903,37.5164342446486
"209",0.416037957523724,2019,"BOL","Bolivia","Latin America & Caribbean","Lower middle income",8.07321185101203,69.7334986708387,3.682,45.8209732749024
"210",0.412039765024853,2022,"BOL","Bolivia","Latin America & Caribbean","Lower middle income",8.03535703683384,70.6352598708131,3.552,57.5249335789631
"211",0.492003615002259,2009,"BOL","Bolivia","Latin America & Caribbean","Lower middle income",7.79258663074713,65.9781896386949,2.973,68.6270739127592
"212",0.544979665612291,2007,"BOL","Bolivia","Latin America & Caribbean","Lower middle income",7.73343281066707,65.1067327824433,2.616,76.0619114476148
"213",0.491004066877542,1992,"BOL","Bolivia","Latin America & Caribbean","Lower middle income",7.45261318602955,57.5776686644471,3.031,49.1108578783889
"214",0.566969724356078,2006,"BOL","Bolivia","Latin America & Caribbean","Lower middle income",7.70590516283466,64.6631431424362,2.577,74.537848431547
"215",0.584961590600994,2005,"BOL","Bolivia","Latin America & Caribbean","Lower middle income",7.67609652533573,64.2133062205259,2.603,67.6419413613743
"216",0.507996384997741,2008,"BOL","Bolivia","Latin America & Caribbean","Lower middle income",7.77622051807033,65.5448299960338,2.603,82.8670208961798
"217",0.592957975598735,2002,"BOL","Bolivia","Latin America & Caribbean","Lower middle income",7.61562846590298,62.8187632085055,2.613,49.3502603725957
"218",0.549977406235879,2004,"BOL","Bolivia","Latin America & Caribbean","Lower middle income",7.6496882478148,63.7564671612252,2.622,57.4642660901316
"219",0.300090375056484,2001,"BIH","Bosnia and Herzegovina","Europe & Central Asia","Upper middle income",7.86985356136036,42.8761478375679,26.289,86.0357340130948
"220",0.340072300045188,2004,"BIH","Bosnia and Herzegovina","Europe & Central Asia","Upper middle income",8.02742282004777,43.8380473519042,29.276,81.8126861817184
"221",0.331076366922729,2007,"BIH","Bosnia and Herzegovina","Europe & Central Asia","Upper middle income",8.20660807931343,44.7926078011574,28.984,83.551858889163
"222",0.330076818798012,2011,"BIH","Bosnia and Herzegovina","Europe & Central Asia","Upper middle income",8.31733963421914,46.0528777644843,27.582,87.8363477136556
"223",0.614948034342521,2002,"BWA","Botswana","Sub-Saharan Africa","Upper middle income",8.5516867014633,55.0142988603802,21.268,91.8357740585774
"224",0.568968820605513,2009,"BWA","Botswana","Sub-Saharan Africa","Upper middle income",8.5524471745489,62.7501882968523,16.169,88.4807886337378
"225",0.600954360596475,1993,"BWA","Botswana","Sub-Saharan Africa","Upper middle income",8.33953565481099,47.8662437145732,18.759,86.2082050096699
"226",0.548977858111161,2015,"BWA","Botswana","Sub-Saharan Africa","Upper middle income",8.72277608453614,65.4103584313295,18.93,112.900891016005
"227",0.575965657478536,2003,"BRA","Brazil","Latin America & Caribbean","Upper middle income",8.84526447562321,82.3540335841671,11.168,28.1403847215489
"228",0.564970628106643,2004,"BRA","Brazil","Latin America & Caribbean","Upper middle income",8.88996718966363,82.6816824814559,10.072,29.6782524803495
"229",0.580963398102124,2002,"BRA","Brazil","Latin America & Caribbean","Upper middle income",8.84572290899425,81.9943491502673,10.641,27.6183574077173
"230",0.533984636240398,2012,"BRA","Brazil","Latin America & Caribbean","Upper middle income",9.12341970190939,84.8973874181312,7.251,25.1142736103322
"231",0.595956619972887,1998,"BRA","Brazil","Latin America & Caribbean","Upper middle income",8.80799456372163,79.789068166086,10.15,16.438584928207
"232",0.589959331224582,1999,"BRA","Brazil","Latin America & Caribbean","Upper middle income",8.79809774842883,80.5466061325216,11.125,20.982166473881
"233",0.583962042476277,2001,"BRA","Brazil","Latin America & Caribbean","Upper middle income",8.82805940051715,81.5960450621957,10.649,26.936285024943
"234",0.533984636240398,2016,"BRA","Brazil","Latin America & Caribbean","Upper middle income",9.05693773659185,85.9487048448108,11.58,24.5336820770756
"235",0.526987799367375,2013,"BRA","Brazil","Latin America & Caribbean","Upper middle income",9.14492020862122,85.1676585442726,7.071,25.7859573281452
"236",0.52898689561681,2011,"BRA","Brazil","Latin America & Caribbean","Upper middle income",9.11250614265872,84.6225758599683,7.578,23.9344051765103
"237",0.597955716222323,1997,"BRA","Brazil","Latin America & Caribbean","Upper middle income",8.81949649717184,79.0008493879259,9.003,16.5762092633371
"238",0.519990962494352,2014,"BRA","Brazil","Latin America & Caribbean","Upper middle income",9.14188396818004,85.4331367898168,6.755,24.685405813292
"239",0.562971531857207,2005,"BRA","Brazil","Latin America & Caribbean","Upper middle income",8.91052745477402,82.9838799596945,10.551,27.0867952052479
"240",0.518991414369634,2015,"BRA","Brazil","Latin America & Caribbean","Upper middle income",9.09786522826067,85.6935697061881,8.538,26.9536259372369
"241",0.59495707184817,1995,"BRA","Brazil","Latin America & Caribbean","Upper middle income",8.79426946588771,77.7144999942454,7.092,16.9844599991956
"242",0.53698328061455,2009,"BRA","Brazil","Latin America & Caribbean","Upper middle income",9.01749516990865,84.0698380333651,9.419,22.1059756060711
"243",0.597955716222323,1996,"BRA","Brazil","Latin America & Caribbean","Upper middle income",8.8009766103844,78.3021415455398,8.035,15.6355914783829
"244",0.555974694984184,2006,"BRA","Brazil","Latin America & Caribbean","Upper middle income",8.93879922368265,83.2672101364439,9.692,26.0416998879446
"245",0.530985991866245,1992,"BRA","Brazil","Latin America & Caribbean","Upper middle income",8.69516901397652,76.0910875240585,7.086,19.2533747878959
"246",0.52898689561681,2021,"BRA","Brazil","Latin America & Caribbean","Upper middle income",9.08241932000878,87.1360781715439,13.158,37.6563307592575
"247",0.548977858111161,2007,"BRA","Brazil","Latin America & Caribbean","Upper middle income",8.98760338926765,83.5382571292649,9.28,25.2926113757805
"248",0.539981924988703,2008,"BRA","Brazil","Latin America & Caribbean","Upper middle income",9.02771040443077,83.8036050557184,8.268,27.2575694165953
"249",0.515992769995481,2023,"BRA","Brazil","Latin America & Caribbean","Upper middle income",9.13648131688016,87.6159710235763,7.947,33.6662298301284
"250",0.489004970628107,2020,"BRA","Brazil","Latin America & Caribbean","Upper middle income",9.04014623529843,86.9112186503004,13.697,32.3020785443492
"251",0.600954360596475,1993,"BRA","Brazil","Latin America & Caribbean","Upper middle income",8.72704239717718,76.6406402906957,6.03,19.5993205474635
"252",0.519990962494352,2022,"BRA","Brazil","Latin America & Caribbean","Upper middle income",9.10853838131546,87.349556243881,9.231,38.8160659764321
"253",0.534984184365115,2019,"BRA","Brazil","Latin America & Caribbean","Upper middle income",9.07925621143227,86.6797991084296,11.936,28.8902578697354
"254",0.53298508811568,2017,"BRA","Brazil","Latin America & Caribbean","Upper middle income",9.06279722549402,86.1982897571091,12.792,24.3197343741684
"255",0.538982376863986,2018,"BRA","Brazil","Latin America & Caribbean","Upper middle income",9.07364229064819,86.4420719945072,12.329,28.876203376153
"256",0.404043380027112,2017,"BGR","Bulgaria","Europe & Central Asia","High income",8.97445434532857,73.3904571533203,6.164,129.634429048004
"257",0.390049706281066,2021,"BGR","Bulgaria","Europe & Central Asia","High income",9.12276273067906,73.346765618041,5.267,121.214088263823
"258",0.413039313149571,2018,"BGR","Bulgaria","Europe & Central Asia","High income",9.01120314242788,73.600212097168,5.211,129.166502930632
"259",0.403043831902395,2019,"BGR","Bulgaria","Europe & Central Asia","High income",9.06255173317348,73.7162322998047,4.23,125.260418346411
"260",0.40504292815183,2020,"BGR","Bulgaria","Europe & Central Asia","High income",9.04074742725865,73.3239898681641,5.125,110.423899846249
"261",0.357064618165386,2006,"BGR","Bulgaria","Europe & Central Asia","High income",8.63582942387315,70.5075225830078,8.951,111.04746275381
"262",0.289095345684591,2003,"BGR","Bulgaria","Europe & Central Asia","High income",8.4160868122457,69.7808456420898,13.733,79.0138853713575
"263",0.386051513782196,2015,"BGR","Bulgaria","Europe & Central Asia","High income",8.89132647151867,73.1030578613281,9.143,126.73664221295
"264",0.307087211929507,1992,"BGR","Bulgaria","Europe & Central Asia","High income",8.25204319077511,67.1506882200337,15.3,100.049800796813
"265",0.374056936285585,2014,"BGR","Bulgaria","Europe & Central Asia","High income",8.84520380634411,73.0844879150391,11.424,130.248377115245
"266",0.243116131947582,1994,"BGR","Bulgaria","Europe & Central Asia","High income",8.26651974731851,67.7225112915039,12.8,90.7201293759513
"267",0.406042476276548,2016,"BGR","Bulgaria","Europe & Central Asia","High income",8.93412617278393,73.1750030517578,7.575,122.805514356513
"268",0.361062810664257,2007,"BGR","Bulgaria","Europe & Central Asia","High income",8.70760564801422,70.6844177246094,6.878,123.532557660753
"269",0.336074107546317,2008,"BGR","Bulgaria","Europe & Central Asia","High income",8.77411528645076,70.902099609375,5.609,124.688747515359
"270",0.338073203795752,2009,"BGR","Bulgaria","Europe & Central Asia","High income",8.74651369512119,71.3017349243164,6.817,92.6926456036375
"271",0.328077722548577,1995,"BGR","Bulgaria","Europe & Central Asia","High income",8.29953338654579,67.8335418701172,11.1,55.2627350026692
"272",0.360063262539539,2012,"BGR","Bulgaria","Europe & Central Asia","High income",8.80888138850116,72.7684860229492,12.27,123.971322714174
"273",0.366060551287845,2013,"BGR","Bulgaria","Europe & Central Asia","High income",8.82360901124014,72.9632821572019,12.941,129.688682986482
"274",0.382053321283326,2022,"BGR","Bulgaria","Europe & Central Asia","High income",9.16929626571443,73.4799164005224,4.268,138.844877241238
"275",0.395047446904654,2023,"BGR","Bulgaria","Europe & Central Asia","High income",9.1888373408006,73.7322671584613,4.319,119.899505956556
"276",0.264106642566652,1997,"BGR","Bulgaria","Europe & Central Asia","High income",8.20935760956264,67.6594467163086,13.7,86.4637364673225
"277",0.327078174423859,2001,"BGR","Bulgaria","Europe & Central Asia","High income",8.27835248420477,69.196711983564,19.921,79.0813687477668
"278",0.357064618165386,2010,"BGR","Bulgaria","Europe & Central Asia","High income",8.76853033013565,71.5149307250977,10.279,103.380522321192
"279",0.34307094441934,2011,"BGR","Bulgaria","Europe & Central Asia","High income",8.79562892546591,72.6101653885532,11.26,117.41810388629
"280",0.353066425666516,2014,"BFA","Burkina Faso","Sub-Saharan Africa","Low income",6.43707443677973,25.3814155996643,4.251,58.8235624937426
"281",0.398046091278807,2009,"BFA","Burkina Faso","Sub-Saharan Africa","Low income",6.27940299575245,23.7452325601116,3.711,40.2959836735924
"282",0.499000451875282,1998,"BFA","Burkina Faso","Sub-Saharan Africa","Low income",6.02893737174336,16.4430937418116,2.44,40.9397835752562
"283",0.374056936285585,2021,"BFA","Burkina Faso","Sub-Saharan Africa","Low income",6.61401833062365,26.8114307743017,5.2,62.4203586607795
"284",0.433030275643922,2003,"BFA","Burkina Faso","Sub-Saharan Africa","Low income",6.14903020594425,20.563327262892,2.78,30.3682364077323
"285",0.480009037505648,1994,"BFA","Burkina Faso","Sub-Saharan Africa","Low income",5.84172009910387,14.5131483144658,2.58,39.2292222386411
"286",0.43003163126977,2018,"BFA","Burkina Faso","Sub-Saharan Africa","Low income",6.54318181387066,26.0832202154822,4.695,60.5956256236488
"287",0.472012652507908,2007,"CPV","Cabo Verde","Sub-Saharan Africa","Lower middle income",8.02517984474797,59.287606518789,13.323,94.2062075477847
"288",0.524988703117939,2001,"CPV","Cabo Verde","Sub-Saharan Africa","Lower middle income",7.62618871973324,54.7762172320995,13.278,92.1637224974152
"289",0.424034342521464,2015,"CPV","Cabo Verde","Sub-Saharan Africa","Lower middle income",8.13595112243954,66.9045094767116,11.907,94.0084870167993
"290",0.428032535020334,2007,"CMR","Cameroon","Sub-Saharan Africa","Lower middle income",7.16683004259461,49.7027028593758,3.063,53.2156908605178
"291",0.444025305015816,1996,"CMR","Cameroon","Sub-Saharan Africa","Lower middle income",6.98229603435633,43.9769773548092,8.06,45.1156121020442
"292",0.466015363759602,2014,"CMR","Cameroon","Sub-Saharan Africa","Lower middle income",7.23115630443297,52.2993944376709,3.534,50.8323893087648
"293",0.422035246272029,2021,"CMR","Cameroon","Sub-Saharan Africa","Lower middle income",7.27487864917288,54.5548664463635,3.973,36.7308347188558
"294",0.421035698147311,2001,"CMR","Cameroon","Sub-Saharan Africa","Lower middle income",7.06469638023106,46.7627509050978,7.46,51.5722691890366
"295",0.336074107546317,2010,"CAN","Canada","North America","High income",10.6253276244275,81.0120892252937,8.178,60.2081215044483
"296",0.340072300045188,2009,"CAN","Canada","North America","High income",10.6060011158804,80.8591838893921,8.46,58.4743918224897
"297",0.332075915047447,2014,"CAN","Canada","North America","High income",10.6838035811949,81.211183161556,7.023,64.3786621564923
"298",0.337073655671035,2015,"CAN","Canada","North America","High income",10.6826792577303,81.2465670276699,6.945,66.1649020669781
"299",0.327078174423859,2016,"CAN","Canada","North America","High income",10.6816958106806,81.3023011093703,7.038,65.3636845215556
"300",0.338073203795752,2013,"CAN","Canada","North America","High income",10.6654882405047,81.183439957458,7.143,62.2310749013405
"301",0.313084500677813,1994,"CAN","Canada","North America","High income",10.3758058840287,77.3171285420943,10.395,64.3915441455001
"302",0.315083596927248,1995,"CAN","Canada","North America","High income",10.391928033542,77.6356482587498,9.489,69.0617480799547
"303",0.327078174423859,2011,"CAN","Canada","North America","High income",10.6464634525315,81.1031425434213,7.637,62.4987387708328
"304",0.3350745594216,2012,"CAN","Canada","North America","High income",10.653030263323,81.1513483248791,7.392,62.5955489395005
"305",0.334075011296882,2000,"CAN","Canada","North America","High income",10.5428873808159,78.6292995508947,6.829,82.7653578503214
"306",0.336074107546317,2001,"CAN","Canada","North America","High income",10.5506027348538,78.8414764949736,7.219,78.3442183943698
"307",0.336074107546317,2002,"CAN","Canada","North America","High income",10.5693063746263,79.0990234802234,7.665,75.7070320779233
"308",0.338073203795752,2003,"CAN","Canada","North America","High income",10.5782167449178,79.391380674239,7.574,69.8400946170607
"309",0.316083145051966,1992,"CAN","Canada","North America","High income",10.3275578004287,76.7352832428064,11.197,52.7380309449972
"310",0.317082693176683,1993,"CAN","Canada","North America","High income",10.3427985258462,76.9965686255912,11.377,58.2507961453047
"311",0.311085404428378,2021,"CAN","Canada","North America","High income",10.7063675249617,82.1779279079275,7.527,62.2468367159421
"312",0.331076366922729,1999,"CAN","Canada","North America","High income",10.5020914810863,78.4439309329358,7.583,80.1150293129295
"313",0.328077722548577,1996,"CAN","Canada","North America","High income",10.398223484359,77.8924633929695,9.62,70.2600734560392
"314",0.331076366922729,1997,"CAN","Canada","North America","High income",10.4301966014073,78.0903398790871,9.1,74.3366100816522
"315",0.332075915047447,1998,"CAN","Canada","North America","High income",10.4600877531955,78.2693823081821,8.278,78.0811853628611
"316",0.33907275192047,2008,"CAN","Canada","North America","High income",10.6470323833115,80.6628944916604,6.284,67.0236083618983
"317",0.319081789426118,1991,"CAN","Canada","North America","High income",10.3305293067409,76.5953841315163,10.316,49.2234668475419
"318",0.338073203795752,2004,"CAN","Canada","North America","High income",10.5993500120291,79.6923063348315,7.185,70.1924199909562
"319",0.336074107546317,2005,"CAN","Canada","North America","High income",10.6214791134959,79.9760615882965,6.758,69.7591330167357
"320",0.338073203795752,2007,"CAN","Canada","North America","High income",10.6479662471516,80.4425615136782,6.156,66.2834197482347
"321",0.317082693176683,2019,"CAN","Canada","North America","High income",10.7166439890381,81.7363672047941,5.69,66.1714852804959
"322",0.299090826931767,2020,"CAN","Canada","North America","High income",10.6541044667243,81.9509888710566,9.657,61.1567709632763
"323",0.333075463172164,2017,"CAN","Canada","North America","High income",10.6996286957258,81.4018945832226,6.426,65.1010608504649
"324",0.341071848169905,2006,"CAN","Canada","North America","High income",10.6373810200881,80.219066099279,6.484,68.0521644769988
"325",0.325079078174424,2018,"CAN","Canada","North America","High income",10.7123566169536,81.5500341646653,5.837,66.5998858508762
"326",0.56197198373249,2008,"CAF","Central African Republic","Sub-Saharan Africa","Low income",6.10994426643731,38.3474489192338,5.139,34.4375218095517
"327",0.43003163126977,2021,"CAF","Central African Republic","Sub-Saharan Africa","Low income",5.98146628800948,42.8547782897949,6.375,44.159119995104
"328",0.596956168097605,1992,"CAF","Central African Republic","Sub-Saharan Africa","Low income",6.11842526809597,37.3280641352245,5.455,43.2290760804125
"329",0.374056936285585,2022,"TCD","Chad","Sub-Saharan Africa","Low income",6.75995355137105,25.7635558629694,1.096,47.9883784319429
"330",0.433030275643922,2011,"TCD","Chad","Sub-Saharan Africa","Low income",6.87242542869454,21.9558736797638,0.905,57.5437561870898
"331",0.375056484410303,2018,"TCD","Chad","Sub-Saharan Africa","Low income",6.80109925118562,23.8486084924975,1.135,46.7384317860183
"332",0.398046091278807,2003,"TCD","Chad","Sub-Saharan Africa","Low income",6.49459602170045,21.7207031172239,0.732,83.3789149599315
"333",0.468014460009037,2013,"CHL","Chile","Latin America & Caribbean","High income",9.48666314331262,87.1827777654221,6.074,65.1432879523879
"334",0.469014008133755,2011,"CHL","Chile","Latin America & Caribbean","High income",9.41351336106279,87.0109164653326,7.277,72.4816428077334
"335",0.474011748757343,2009,"CHL","Chile","Latin America & Caribbean","High income",9.3161776149694,86.9124897308683,11.313,66.6860309631418
"336",0.453021238138274,2015,"CHL","Chile","Latin America & Caribbean","High income",9.50553815300463,87.4653320342387,6.313,59.3491104775309
"337",0.548977858111161,1996,"CHL","Chile","Latin America & Caribbean","High income",8.93659927498857,84.8148594016272,7.414,53.9207498943257
"338",0.554975146859467,1998,"CHL","Chile","Latin America & Caribbean","High income",9.02249767501518,85.6144109902521,7.307,53.8361785153282
"339",0.527987347492092,2000,"CHL","Chile","Latin America & Caribbean","High income",9.04373699866968,86.2710912457813,10.491,58.7119230876973
"340",0.470013556258473,2020,"CHL","Chile","Latin America & Caribbean","High income",9.44770425373713,88.2953490438375,10.934,58.1828635629748
"341",0.563971079981925,1994,"CHL","Chile","Latin America & Caribbean","High income",8.80811458814445,84.0491405833779,5.87,52.8076839539658
"342",0.43003163126977,2022,"CHL","Chile","Latin America & Caribbean","High income",9.56683572630033,88.6395352768685,8.249,75.2016177425303
"343",0.477010393131496,2006,"CHL","Chile","Latin America & Caribbean","High income",9.26970437849566,86.8125123390851,9.024,73.7116350448521
"344",0.547978309986444,1992,"CHL","Chile","Latin America & Caribbean","High income",8.72449438701001,83.4959351320883,4.35,55.5417477003547
"345",0.514993221870764,2003,"CHL","Chile","Latin America & Caribbean","High income",9.11940686937214,86.6792973033246,9.765,65.693419590905
"346",0.453021238138274,2017,"CHL","Chile","Latin America & Caribbean","High income",9.50846863152906,87.8000295757281,7.257,56.0261589675707
"347",0.391049254405784,2017,"CHN","China","East Asia & Pacific","Upper middle income",9.129294515456,60.2402687072754,4.47,36.95085261586
"348",0.424034342521464,2011,"CHN","China","East Asia & Pacific","Upper middle income",8.74447370399171,51.8300285339355,4.55,49.9458272253643
"349",0.422035246272029,2012,"CHN","China","East Asia & Pacific","Upper middle income",8.81331868329554,53.1003112792969,4.58,47.4802130784317
"350",0.397046543154089,2013,"CHN","China","East Asia & Pacific","Upper middle income",8.88156804191116,54.4900016784668,4.6,45.9160413795571
"351",0.392048802530502,2014,"CHN","China","East Asia & Pacific","Upper middle income",8.94723096079652,55.7502555847168,4.63,44.0684564812532
"352",0.386051513782196,2015,"CHN","China","East Asia & Pacific","Upper middle income",9.00887671062759,57.3297843933105,4.65,38.6971848362625
"353",0.385051965657479,2016,"CHN","China","East Asia & Pacific","Upper middle income",9.06870503602373,58.8399238586426,4.56,36.177170692978
"354",0.420036150022594,2002,"CHN","China","East Asia & Pacific","Upper middle income",7.86738500244923,39.0897827148438,4.24,42.1944423387413
"355",0.387051061906914,1999,"CHN","China","East Asia & Pacific","Upper middle income",7.63859225586122,34.7797050476074,3.25,33.2255380760054
"356",0.352066877541798,1996,"CHN","China","East Asia & Pacific","Upper middle income",7.42751731498089,30.4798641204834,3.12,33.6287512313005
"357",0.43003163126977,2008,"CHN","China","East Asia & Pacific","Upper middle income",8.47875891029852,46.9895057678223,4.59,56.7111330003209
"358",0.437028468142793,2010,"CHN","China","East Asia & Pacific","Upper middle income",8.65953707594714,49.2340270628041,4.53,49.8540722338977
"359",0.4090411206507,2005,"CHN","China","East Asia & Pacific","Upper middle income",8.15070376955034,42.9899978637695,4.52,61.3600749408237
"360",0.385051965657479,2018,"CHN","China","East Asia & Pacific","Upper middle income",9.19000019116182,61.5001983642578,4.31,36.8943843914718
"361",0.360063262539539,2022,"CHN","China","East Asia & Pacific","Upper middle income",9.37844453644979,65.2176361083984,4.98,37.440719876366
"362",0.357064618165386,2021,"CHN","China","East Asia & Pacific","Upper middle income",9.34745278252613,64.721076965332,4.55,36.5206911762676
"363",0.382053321283326,2019,"CHN","China","East Asia & Pacific","Upper middle income",9.24536773024536,62.7099151611328,4.56,35.1994202738836
"364",0.371058291911432,2020,"CHN","China","East Asia & Pacific","Upper middle income",9.26611958015344,63.5234230266258,5,34.0389507864581
"365",0.33907275192047,1993,"CHN","China","East Asia & Pacific","Upper middle income",7.13755618953925,27.9900760650635,2.69,35.9086416582146
"366",0.545979213737009,2010,"COL","Colombia","Latin America & Caribbean","Upper middle income",8.55914967359259,76.7232975672119,11.153,34.2646031687681
"367",0.512994125621329,2019,"COL","Colombia","Latin America & Caribbean","Upper middle income",8.77027816661759,77.4595528518377,10.28,37.558533980839
"368",0.534984184365115,2020,"COL","Colombia","Latin America & Caribbean","Upper middle income",8.68134317948068,77.6382533537045,15.983,34.0555709680101
"369",0.538982376863986,2023,"COL","Colombia","Latin America & Caribbean","Upper middle income",8.82887459296039,78.275571579544,9.594,40.3881324933957
"370",0.550976954360597,2021,"COL","Colombia","Latin America & Caribbean","Upper middle income",8.77294629920128,77.8339570326128,13.898,40.0591463936128
"371",0.50399819249887,2018,"COL","Colombia","Latin America & Caribbean","Upper middle income",8.75676842867108,77.2804816598084,9.36,36.5347527968973
"372",0.538982376863986,2005,"COL","Colombia","Latin America & Caribbean","Upper middle income",8.40229295578205,76.004938901378,11.062,37.422697494955
"373",0.552976050610032,2008,"COL","Colombia","Latin America & Caribbean","Upper middle income",8.52686068474048,76.4596761810047,11.273,39.1676494164355
"374",0.534984184365115,2011,"COL","Colombia","Latin America & Caribbean","Upper middle income",8.61560783985634,76.839003613206,10.288,39.4704235545367
"375",0.525988251242657,2012,"COL","Colombia","Latin America & Caribbean","Upper middle income",8.6439590810118,76.942211203265,9.959,38.835151018669
"376",0.547978309986444,2022,"COL","Colombia","Latin America & Caribbean","Upper middle income",8.83298533347299,78.0464633137335,10.547,48.2826551123359
"377",0.512994125621329,1992,"COL","Colombia","Latin America & Caribbean","Upper middle income",8.23948634503819,70.4190206034906,9.44,33.6115913436524
"378",0.549977406235879,2004,"COL","Colombia","Latin America & Caribbean","Upper middle income",8.36913761159914,75.8080569479496,13.717,35.8634269337995
"379",0.542980569362856,2009,"COL","Colombia","Latin America & Caribbean","Upper middle income",8.5265435834465,76.5964145836792,12.066,35.1561285074585
"380",0.525988251242657,2013,"COL","Colombia","Latin America & Caribbean","Upper middle income",8.68453746709497,77.0315988189922,9.246,37.9866487978457
"381",0.512994125621329,1991,"COL","Colombia","Latin America & Caribbean","Upper middle income",8.21964319754469,69.9576034637361,10.12,33.5299180947153
"382",0.505997288748305,2016,"COL","Colombia","Latin America & Caribbean","Upper middle income",8.7508525655956,77.2036266362166,8.922,36.202652984202
"383",0.572967013104383,2001,"COL","Colombia","Latin America & Caribbean","Upper middle income",8.29916351630624,74.7938371677676,15.04,33.9011117949445
"384",0.497001355625847,2017,"COL","Colombia","Latin America & Caribbean","Upper middle income",8.74983983741816,77.2245191706503,9.086,35.2829149424588
"385",0.524988703117939,2014,"COL","Colombia","Latin America & Caribbean","Upper middle income",8.71961795454337,77.1058449419909,8.799,37.4874656411103
"386",0.509995481247176,2015,"COL","Colombia","Latin America & Caribbean","Upper middle income",8.74009909935072,77.1636280538646,8.572,38.3607641184453
"387",0.584961590600994,1999,"COL","Colombia","Latin America & Caribbean","Upper middle income",8.2857940057818,73.8699996302493,20.06,36.1492793141794
"388",0.535983732489833,2003,"COL","Colombia","Latin America & Caribbean","Upper middle income",8.33186920028056,75.5341828570154,13.221,36.51618351723
"389",0.567969272480795,1996,"COL","Colombia","Latin America & Caribbean","Upper middle income",8.34252815155258,72.3326212825811,11.81,36.0441071863282
"390",0.583962042476277,2000,"COL","Colombia","Latin America & Caribbean","Upper middle income",8.29824321413655,74.3493570179247,20.52,32.6670854693067
"391",0.559972887483055,2002,"COL","Colombia","Latin America & Caribbean","Upper middle income",8.30851573373824,75.192444355543,14.481,32.9826392144234
"392",0.453021238138274,2014,"COM","Comoros","Sub-Saharan Africa","Lower middle income",7.20216071703297,30.0302906552932,4.119,39.2358244169194
"393",0.558973339358337,2004,"COM","Comoros","Sub-Saharan Africa","Lower middle income",7.11570191428861,27.9596300229124,4.571,35.7570631253248
"394",0.416037957523724,2004,"COD","Congo, Dem. Rep.","Sub-Saharan Africa","Low income",5.83397683903182,37,2.975,49.3364146254994
"395",0.447023949389968,2020,"COD","Congo, Dem. Rep.","Sub-Saharan Africa","Low income",6.15454583720337,43.2528602500115,5.345,61.0284707727916
"396",0.421035698147311,2012,"COD","Congo, Dem. Rep.","Sub-Saharan Africa","Low income",6.08314555452471,40.1770385579151,4.485,66.7056747465748
"397",0.473012200632625,2005,"COG","Congo, Rep.","Sub-Saharan Africa","Lower middle income",7.66857833310236,61.310286636126,19.796,119.552892262402
"398",0.489004970628107,2011,"COG","Congo, Rep.","Sub-Saharan Africa","Lower middle income",7.74391729854989,62.5597508130231,19.464,124.591742710141
"399",0.493003163126977,2003,"CRI","Costa Rica","Latin America & Caribbean","Upper middle income",9.01279846722774,62.4518059303802,6.654,83.3277075355642
"400",0.484007230004519,2004,"CRI","Costa Rica","Latin America & Caribbean","Upper middle income",9.0413924855925,63.6596013546005,6.445,85.2564771965872
"401",0.474011748757343,2000,"CRI","Costa Rica","Latin America & Caribbean","Upper middle income",8.9524138276336,59.0462378975394,5.08,86.5249235130705
"402",0.514993221870764,2001,"CRI","Costa Rica","Latin America & Caribbean","Upper middle income",8.96880802308469,60.1427600448608,6.051,80.852758718109
"403",0.517991866244916,2002,"CRI","Costa Rica","Latin America & Caribbean","Upper middle income",8.98589087591492,61.2787633575946,6.396,80.4139443360039
"404",0.466015363759602,1991,"CRI","Costa Rica","Latin America & Caribbean","Upper middle income",8.70262371652544,49.5061254880439,5.37,71.4396757036532
"405",0.456019882512427,1992,"CRI","Costa Rica","Latin America & Caribbean","Upper middle income",8.76533452871783,50.4777876082162,3.93,76.0962354814708
"406",0.459018526886579,1993,"CRI","Costa Rica","Latin America & Caribbean","Upper middle income",8.80889081548743,51.4878248016624,3.95,79.3523368268699
"407",0.488005422503389,2011,"CRI","Costa Rica","Latin America & Caribbean","Upper middle income",9.26978495533765,72.8426586679914,9.518,68.6391465074016
"408",0.476010845006778,1999,"CRI","Costa Rica","Latin America & Caribbean","Upper middle income",8.93385160275244,57.962918759456,5.9,87.5386137677373
"409",0.46701491188432,2023,"CRI","Costa Rica","Latin America & Caribbean","Upper middle income",9.56933135937945,78.8819393641702,8.325,72.4719990801769
"410",0.458018978761862,2024,"CRI","Costa Rica","Latin America & Caribbean","Upper middle income",9.6068711789839,79.3107672397967,7.848,71.3310137687617
"411",0.484007230004519,2015,"CRI","Costa Rica","Latin America & Caribbean","Upper middle income",9.36860064710054,75.0198195767549,8.415,60.753561939521
"412",0.484007230004519,2012,"CRI","Costa Rica","Latin America & Caribbean","Upper middle income",9.30578865912121,73.3895020668217,9.11,67.0485392950976
"413",0.492003615002259,2013,"CRI","Costa Rica","Latin America & Caribbean","Upper middle income",9.31929735341875,73.9431776192863,8.218,64.0664105879442
"414",0.486006326253954,2014,"CRI","Costa Rica","Latin America & Caribbean","Upper middle income",9.34335556958527,74.4866963181212,8.499,65.1912420532368
"415",0.456019882512427,1997,"CRI","Costa Rica","Latin America & Caribbean","Upper middle income",8.86587464035241,55.7720794004588,5.68,87.6131980978704
"416",0.456019882512427,1998,"CRI","Costa Rica","Latin America & Caribbean","Upper middle income",8.91330434210325,56.8692582794794,5.33,92.0380212366186
"417",0.46701491188432,1994,"CRI","Costa Rica","Latin America & Caribbean","Upper middle income",8.82854140849226,52.529254822996,4.05,77.9973079960212
"418",0.505997288748305,2009,"CRI","Costa Rica","Latin America & Caribbean","Upper middle income",9.19863975297876,70.1398469456228,7.824,69.7593177251535
"419",0.480009037505648,2010,"CRI","Costa Rica","Latin America & Caribbean","Upper middle income",9.23845013127375,71.5081448974915,7.171,67.512089684107
"420",0.465015815634885,1996,"CRI","Costa Rica","Latin America & Caribbean","Upper middle income",8.83515362422339,54.6783643677805,6.16,84.0571640061047
"421",0.493003163126977,2007,"CRI","Costa Rica","Latin America & Caribbean","Upper middle income",9.18804481228218,67.4686406496983,4.557,86.4565958439349
"422",0.487005874378672,2016,"CRI","Costa Rica","Latin America & Caribbean","Upper middle income",9.39967355084232,75.5423088085047,8.085,62.1784781768295
"423",0.457019430637144,1995,"CRI","Costa Rica","Latin America & Caribbean","Upper middle income",8.84517765439748,53.5950954268308,5.18,79.7743745489399
"424",0.486006326253954,2008,"CRI","Costa Rica","Latin America & Caribbean","Upper middle income",9.22077664453947,68.7925833934861,4.934,86.4015127113254
"425",0.493003163126977,2006,"CRI","Costa Rica","Latin America & Caribbean","Upper middle income",9.12263359410948,66.1703051228767,5.926,89.8145546136931
"426",0.487005874378672,2021,"CRI","Costa Rica","Latin America & Caribbean","Upper middle income",9.48392550725591,77.9868940200009,15.139,70.7816423027085
"427",0.472012652507908,2022,"CRI","Costa Rica","Latin America & Caribbean","Upper middle income",9.52414048517972,78.4405687613972,11.325,82.2275325353143
"428",0.483007681879801,2017,"CRI","Costa Rica","Latin America & Caribbean","Upper middle income",9.43096599221454,76.0539254265608,7.729,65.0719537438815
"429",0.475011296882061,2005,"CRI","Costa Rica","Latin America & Caribbean","Upper middle income",9.06593171053595,64.8998632216384,6.749,89.2226638923224
"430",0.482008133755084,2019,"CRI","Costa Rica","Latin America & Caribbean","Upper middle income",9.46324853744473,77.0435864735963,10.807,65.7605300176622
"431",0.492003615002259,2020,"CRI","Costa Rica","Latin America & Caribbean","Upper middle income",9.41264508640808,77.5211537281257,16.432,60.1398862509533
"432",0.480009037505648,2018,"CRI","Costa Rica","Latin America & Caribbean","Upper middle income",9.44774379545322,76.5544308439668,9.01,66.945342016636
"433",0.406042476276548,1995,"CIV","Cote d'Ivoire","Sub-Saharan Africa","Lower middle income",7.40676402004796,41.2920870145192,4.1,76.202343905242
"434",0.415038409399006,2015,"CIV","Cote d'Ivoire","Sub-Saharan Africa","Lower middle income",7.50368566628902,49.4694894689553,2.579,52.7153604615931
"435",0.432030727519205,2008,"CIV","Cote d'Ivoire","Sub-Saharan Africa","Lower middle income",7.28250500796539,46.3620274395029,6.379,61.9406212969499
"436",0.353066425666516,2021,"CIV","Cote d'Ivoire","Sub-Saharan Africa","Lower middle income",7.67158287114899,52.3183461956059,2.63,45.1140327762435
"437",0.394047898779937,1992,"CIV","Cote d'Ivoire","Sub-Saharan Africa","Lower middle income",7.44991247058652,40.3003187081632,6.7,60.0250653360901
"438",0.37205784003615,2018,"CIV","Cote d'Ivoire","Sub-Saharan Africa","Lower middle income",7.60754190753833,50.8718477756395,2.85,46.040028237159
"439",0.413039313149571,2002,"CIV","Cote d'Ivoire","Sub-Saharan Africa","Lower middle income",7.34683519792249,43.859032147728,5.474,55.9019482275388
"440",0.390049706281066,1998,"CIV","Cote d'Ivoire","Sub-Saharan Africa","Lower middle income",7.50021041309297,42.3472061187643,4.1,53.6538337944761
"441",0.324079530049706,2010,"HRV","Croatia","Europe & Central Asia","High income",9.38974141225236,55.2824979327886,11.62,72.6467039932668
"442",0.321080885675554,2014,"HRV","Croatia","Europe & Central Asia","High income",9.3811594404998,55.4591834926844,17.29,85.2166241319216
"443",0.323079981924989,2011,"HRV","Croatia","Europe & Central Asia","High income",9.39208437184259,55.2773793281248,13.678,77.783952809242
"444",0.311085404428378,2015,"HRV","Croatia","Europe & Central Asia","High income",9.41603530260494,55.5812594509004,16.175,90.6522705485118
"445",0.325079078174424,2012,"HRV","Croatia","Europe & Central Asia","High income",9.37419871757749,55.3042888624873,15.935,79.0075493058138
"446",0.297091730682332,2018,"HRV","Croatia","Europe & Central Asia","High income",9.55115939641991,56.093170097094,8.432,99.0848546362534
"447",0.320081337550836,2013,"HRV","Croatia","Europe & Central Asia","High income",9.37908815763611,55.3659479687433,17.251,80.9188132002026
"448",0.287096249435156,1998,"HRV","Croatia","Europe & Central Asia","High income",9.05689858432572,55.5584318277687,11.392,64.98432965861
"449",0.276101220063263,1999,"HRV","Croatia","Europe & Central Asia","High income",9.05269573246792,55.6365686493584,13.559,66.2637743741722
"450",0.337073655671035,2008,"HRV","Croatia","Europe & Central Asia","High income",9.47042802357698,55.3530687812969,8.53,82.0790791060076
"451",0.313084500677813,2000,"HRV","Croatia","Europe & Central Asia","High income",9.09158721918441,55.6818319251231,16.064,74.6016854703406
"452",0.301089923181202,2023,"HRV","Croatia","Europe & Central Asia","High income",9.75412606443549,57.2431560672198,6.086,107.278314008304
"453",0.326078626299141,2009,"HRV","Croatia","Europe & Central Asia","High income",9.40092372083098,55.3096640250682,9.202,69.7015578897439
"454",0.311085404428378,2001,"HRV","Croatia","Europe & Central Asia","High income",9.16070209654543,55.6913829056559,15.822,79.4405856034588
"455",0.309086308178943,2016,"HRV","Croatia","Europe & Central Asia","High income",9.4609760896935,55.7294398599808,13.103,92.1392009356077
"456",0.304088567555355,2017,"HRV","Croatia","Europe & Central Asia","High income",9.50935557506679,55.9009887365155,11.208,97.2445256540374
"457",0.300090375056484,2022,"HRV","Croatia","Europe & Central Asia","High income",9.71824841498798,56.9977571733605,6.96,125.410877974694
"458",0.295092634432897,2020,"HRV","Croatia","Europe & Central Asia","High income",9.51380879050642,56.5284863367411,7.507,89.5480523143212
"459",0.289095345684591,2021,"HRV","Croatia","Europe & Central Asia","High income",9.64180642526521,56.7683502560171,7.608,102.328697150799
"460",0.297091730682332,2004,"HRV","Croatia","Europe & Central Asia","High income",9.3110087221521,55.5890878734365,13.664,81.6444126603338
"461",0.289095345684591,2019,"HRV","Croatia","Europe & Central Asia","High income",9.59162644025693,56.303247958306,6.617,101.394766564216
"462",0.370058743786715,2013,"CYP","Cyprus","Europe & Central Asia","High income",10.0306363147545,67.2102333625375,16.131,120.926200639389
"463",0.356065070040669,2014,"CYP","Cyprus","Europe & Central Asia","High income",10.0156359936378,67.1230558819804,16.277,130.84436307939
"464",0.340072300045188,2015,"CYP","Cyprus","Europe & Central Asia","High income",10.0470873992582,67.0402477918073,15.026,137.276426477193
"465",0.329077270673294,2016,"CYP","Cyprus","Europe & Central Asia","High income",10.1055294754049,66.9625604106231,13.006,139.022098457248
"466",0.318082241301401,2023,"CYP","Cyprus","Europe & Central Asia","High income",10.369886058314,66.6739477522639,6.098,190.740788408329
"467",0.31408404880253,2017,"CYP","Cyprus","Europe & Central Asia","High income",10.1529225899999,66.8907450570326,11.155,148.013355558135
"468",0.34307094441934,2012,"CYP","Cyprus","Europe & Central Asia","High income",10.0976345825617,67.3010289148738,12.097,112.344273297273
"469",0.301089923181202,2004,"CYP","Cyprus","Europe & Central Asia","High income",10.1185847561453,68.5908141437316,4.77,113.903613489207
"470",0.313084500677813,2021,"CYP","Cyprus","Europe & Central Asia","High income",10.2927240958022,66.6718365394971,7.513,176.82773681987
"471",0.326078626299141,2011,"CYP","Cyprus","Europe & Central Asia","High income",10.147953409184,67.3979892758544,7.942,110.617131287039
"472",0.315083596927248,2022,"CYP","Cyprus","Europe & Central Asia","High income",10.3536248586095,66.6694829407584,6.806,205.753543745524
"473",0.303089019430637,2005,"CYP","Cyprus","Europe & Central Asia","High income",10.1515721611855,68.4340674211981,5.481,111.917065271958
"474",0.327078174423859,2018,"CYP","Cyprus","Europe & Central Asia","High income",10.2021988136399,66.8255530496405,8.504,147.623567410054
"475",0.315083596927248,2010,"CYP","Cyprus","Europe & Central Asia","High income",10.1693092496555,67.5229111556342,6.359,108.901699269523
"476",0.317082693176683,2020,"CYP","Cyprus","Europe & Central Asia","High income",10.1997210915158,66.7180443478713,7.755,160.66871645997
"477",0.317082693176683,2008,"CYP","Cyprus","Europe & Central Asia","High income",10.2200932703112,67.8666261318649,3.756,112.925930874708
"478",0.321080885675554,2009,"CYP","Cyprus","Europe & Central Asia","High income",10.1728918067473,67.6836053786548,5.594,102.7910918992
"479",0.311085404428378,2007,"CYP","Cyprus","Europe & Central Asia","High income",10.2093834304578,68.0604154001212,3.946,111.275122844623
"480",0.312084952553095,2019,"CYP","Cyprus","Europe & Central Asia","High income",10.2459120448639,66.7677357070518,7.155,150.506169561162
"481",0.311085404428378,2006,"CYP","Cyprus","Europe & Central Asia","High income",10.1809489680492,68.2534151682801,4.593,109.806498040343
"482",0.259108901943064,2022,"CZE","Czechia","Europe & Central Asia","High income",9.93437307870814,72.6967638379524,2.224,144.011494109397
"483",0.266105738816087,1993,"CZE","Czechia","Europe & Central Asia","High income",9.25675485117713,74.9830160311069,4.349,78.1977381830196
"484",0.20713239945775,1992,"CZE","Czechia","Europe & Central Asia","High income",9.25717547070601,75.0901441347259,2.6,77.9611310848888
"485",0.258109353818346,1996,"CZE","Czechia","Europe & Central Asia","High income",9.38804437990253,74.5566488007996,3.852,80.59955795966
"486",0.250112968820606,2018,"CZE","Czechia","Europe & Central Asia","High income",9.89023155505195,72.8498744351241,2.246,145.141717890789
"487",0.253111613194758,2019,"CZE","Czechia","Europe & Central Asia","High income",9.92133041379281,72.7876426709563,2.015,138.154609993871
"488",0.260108450067781,2007,"CZE","Czechia","Europe & Central Asia","High income",9.73462755234624,73.5219493596925,5.316,129.876739504889
"489",0.263107094441934,2008,"CZE","Czechia","Europe & Central Asia","High income",9.7521207377691,73.4655517409377,4.392,123.904809929948
"490",0.262107546317216,2020,"CZE","Czechia","Europe & Central Asia","High income",9.86439047339896,72.7254901604208,2.55,128.780430305965
"491",0.257109805693629,2023,"CZE","Czechia","Europe & Central Asia","High income",9.91702487815402,72.7352388396817,2.579,131.892598295876
"492",0.262107546317216,2009,"CZE","Czechia","Europe & Central Asia","High income",9.69725080219861,73.4084890302159,6.662,113.049254784875
"493",0.267105286940804,2006,"CZE","Czechia","Europe & Central Asia","High income",9.68702812823175,73.578883191735,7.141,127.051015055016
"494",0.262107546317216,2021,"CZE","Czechia","Europe & Central Asia","High income",9.922008884046,72.6810594374316,2.803,137.378116302868
"495",0.275101671938545,2004,"CZE","Czechia","Europe & Central Asia","High income",9.56518798732511,73.6991647167017,8.298,113.173975970415
"496",0.269104383190239,2005,"CZE","Czechia","Europe & Central Asia","High income",9.62560539974256,73.6375545423198,7.927,121.191287316105
"497",0.266105738816087,2002,"CZE","Czechia","Europe & Central Asia","High income",9.4864548831148,73.8360067578753,7.28,90.8792715456582
"498",0.254111161319476,2016,"CZE","Czechia","Europe & Central Asia","High income",9.8178805240995,72.9745753395623,3.952,148.547004664435
"499",0.249113420695888,2017,"CZE","Czechia","Europe & Central Asia","High income",9.86566589978201,72.9121853567256,2.893,147.750834854762
"500",0.259108901943064,2014,"CZE","Czechia","Europe & Central Asia","High income",9.74788830654419,73.0995921041469,6.108,156.415122826886
"501",0.261107998192499,2012,"CZE","Czechia","Europe & Central Asia","High income",9.72748721004349,73.2249239592898,6.979,145.480195396935
"502",0.259108901943064,2015,"CZE","Czechia","Europe & Central Asia","High income",9.79431972977834,73.0370442874355,5.048,154.018400997633
"503",0.265106190691369,2013,"CZE","Czechia","Europe & Central Asia","High income",9.72673729898426,73.1622186934979,6.953,145.502230624961
"504",0.264106642566652,2011,"CZE","Czechia","Europe & Central Asia","High income",9.73662299844166,73.2878338394746,6.712,136.750855542438
"505",0.266105738816087,2010,"CZE","Czechia","Europe & Central Asia","High income",9.72112190172087,73.3495599222723,7.281,126.756480116798
"506",0.238118391323995,2000,"DNK","Denmark","Europe & Central Asia","High income",10.8050095267322,85.0999984741211,4.476,83.0420859548864
"507",0.247114324446453,1992,"DNK","Denmark","Europe & Central Asia","High income",10.6077535104679,84.8829479724314,9.027,66.9797006123946
"508",0.299090826931767,2023,"DNK","Denmark","Europe & Central Asia","High income",10.98574998045,88.552638542867,5.094,129.625337431278
"509",0.272103027564392,2010,"DNK","Denmark","Europe & Central Asia","High income",10.8436793501667,86.8652420043945,7.746,94.3877282319057
"510",0.27310257568911,2011,"DNK","Denmark","Europe & Central Asia","High income",10.8525848423392,87.1567653955846,7.769,102.012930474308
"511",0.293093538183461,2022,"DNK","Denmark","Europe & Central Asia","High income",10.987134160932,88.3880239837703,4.434,131.995824909071
"512",0.285097153185721,2013,"DNK","Denmark","Europe & Central Asia","High income",10.8584294302463,87.5436524760432,7.384,103.612813249189
"513",0.284097605061003,2014,"DNK","Denmark","Europe & Central Asia","High income",10.8660579207341,87.6823985731907,6.925,103.210859225139
"514",0.230122006326254,1995,"DNK","Denmark","Europe & Central Asia","High income",10.676566573282,85.0012191836328,6.992,68.5733146504851
"515",0.278100316312698,2012,"DNK","Denmark","Europe & Central Asia","High income",10.8487677954213,87.2336196899414,7.798,104.362280505171
"516",0.267105286940804,2009,"DNK","Denmark","Europe & Central Asia","High income",10.8324163230339,86.7617653139929,6.409,89.3948566562728
"517",0.249113420695888,2004,"DNK","Denmark","Europe & Central Asia","High income",10.8387237707383,85.7130276911593,5.204,82.0077308240144
"518",0.259108901943064,2006,"DNK","Denmark","Europe & Central Asia","High income",10.8934591187595,86.2501288149818,3.897,97.4298607727841
"519",0.252112065070041,2008,"DNK","Denmark","Europe & Central Asia","High income",10.8887918026114,86.583137512207,3.683,104.470310168489
"520",0.262107546317216,2007,"DNK","Denmark","Europe & Central Asia","High income",10.898847789084,86.4251464366349,3.801,100.047674594039
"521",0.275101671938545,2020,"DNK","Denmark","Europe & Central Asia","High income",10.931937636216,88.2394485473632,5.637,104.433432671151
"522",0.283098056936286,2021,"DNK","Denmark","Europe & Central Asia","High income",10.9905806797533,88.2616449318149,5.043,112.321472697291
"523",0.256110257568911,2003,"DNK","Denmark","Europe & Central Asia","High income",10.8139229937729,85.4199981689453,5.398,80.7613001763544
"524",0.252112065070041,2005,"DNK","Denmark","Europe & Central Asia","High income",10.8592909571873,86.0059706832865,4.83,89.3987952460671
"525",0.27710076818798,2019,"DNK","Denmark","Europe & Central Asia","High income",10.9528154527647,88.2096490810669,5.018,111.891475065653
"526",0.282098508811568,2015,"DNK","Denmark","Europe & Central Asia","High income",10.8798194581388,87.7254056577329,6.278,105.130362453899
"527",0.287096249435156,2017,"DNK","Denmark","Europe & Central Asia","High income",10.925956727766,88.0161943799509,5.833,104.215676920442
"528",0.282098508811568,2018,"DNK","Denmark","Europe & Central Asia","High income",10.9394275475088,88.1059762310689,5.131,108.813985501909
"529",0.282098508811568,2016,"DNK","Denmark","Europe & Central Asia","High income",10.9022832621249,87.6999969482422,5.989,101.452783808643
"530",0.416037957523724,2017,"DJI","Djibouti","Middle East & North Africa","Lower middle income",7.86190092518572,71.318261933957,26.064,305.967966403468
"531",0.441026660641663,2013,"DJI","Djibouti","Middle East & North Africa","Lower middle income",7.66862544913445,70.7969331287484,26.157,347.720317058403
"532",0.477010393131496,2013,"DOM","Dominican Republic","Latin America & Caribbean","Upper middle income",8.71194286485603,74.2251359951216,7.351,56.8137658014945
"533",0.520990510619069,2003,"DOM","Dominican Republic","Latin America & Caribbean","Upper middle income",8.3339112202544,64.426197134766,6.938,84.4495031861592
"534",0.422035246272029,2017,"DOM","Dominican Republic","Latin America & Caribbean","Upper middle income",8.90644758375468,73.926806252977,5.832,50.7595355508472
"535",0.443025756891098,2014,"DOM","Dominican Republic","Latin America & Caribbean","Upper middle income",8.76877306832018,74.1931533822153,6.719,55.6601041506633
"536",0.452021690013556,2015,"DOM","Dominican Republic","Latin America & Caribbean","Upper middle income",8.82481804221828,74.1372305958285,7.605,52.3471238667007
"537",0.461017623136015,2012,"DOM","Dominican Republic","Latin America & Caribbean","Upper middle income",8.67595589376316,74.2398679969568,6.722,58.5062536731089
"538",0.419036601897876,2019,"DOM","Dominican Republic","Latin America & Caribbean","Upper middle income",9.00172162213943,73.5403464672933,6.356,50.912982200697
"539",0.457019430637144,2016,"DOM","Dominican Republic","Latin America & Caribbean","Upper middle income",8.87874176696129,74.0506780735522,7.284,51.7306571245477
"540",0.497001355625847,2002,"DOM","Dominican Republic","Latin America & Caribbean","Upper middle income",8.36189561307953,63.2914022524877,6.779,68.7232829028777
"541",0.520990510619069,2004,"DOM","Dominican Republic","Latin America & Caribbean","Upper middle income",8.34569535217238,65.8914085229291,6.303,81.3514229381911
"542",0.514993221870764,2000,"DOM","Dominican Republic","Latin America & Caribbean","Upper middle income",8.32436197672229,61.3128549215919,6.432,79.3003930961432
"543",0.5,2001,"DOM","Dominican Republic","Latin America & Caribbean","Upper middle income",8.33302616546897,62.2979450293469,7.262,70.5105678080061
"544",0.489004970628107,2007,"DOM","Dominican Republic","Latin America & Caribbean","Upper middle income",8.557333675013,71.0193434994977,5.158,61.229259153164
"545",0.481008585630366,2008,"DOM","Dominican Republic","Latin America & Caribbean","Upper middle income",8.57714495626448,72.4865154265802,4.764,61.4285058325394
"546",0.437028468142793,2018,"DOM","Dominican Republic","Latin America & Caribbean","Upper middle income",8.96427433805605,73.7589255716938,5.861,52.3351709577013
"547",0.519990962494352,2006,"DOM","Dominican Republic","Latin America & Caribbean","Upper middle income",8.49795270640085,69.333853706035,5.654,63.7664826351505
"548",0.473012200632625,2010,"DOM","Dominican Republic","Latin America & Caribbean","Upper middle income",8.64231921620527,74.1642773174177,5.212,56.0573964175321
"549",0.477010393131496,2011,"DOM","Dominican Republic","Latin America & Caribbean","Upper middle income",8.66104658448308,74.2440389501301,6.087,59.0692578401698
"550",0.489004970628107,1997,"DOM","Dominican Republic","Latin America & Caribbean","Upper middle income",8.20508404317011,58.6073675691044,6.324,74.2332371692166
"551",0.384052417532761,2023,"DOM","Dominican Republic","Latin America & Caribbean","Upper middle income",9.08363855931425,72.3577991823338,5.555,49.8436131764417
"552",0.390049706281066,2024,"DOM","Dominican Republic","Latin America & Caribbean","Upper middle income",9.12352397840929,72.4121874752151,5.473,51.7835143952326
"553",0.474011748757343,1996,"DOM","Dominican Republic","Latin America & Caribbean","Upper middle income",8.13725137634746,57.8287488204273,6.496,72.6424908698332
"554",0.489004970628107,2009,"DOM","Dominican Republic","Latin America & Caribbean","Upper middle income",8.57445206769469,73.5894974865426,5.467,50.6509376792025
"555",0.5,2005,"DOM","Dominican Republic","Latin America & Caribbean","Upper middle income",8.42271756869174,67.5759180469321,6.587,61.6535587358027
"556",0.370058743786715,2022,"DOM","Dominican Republic","Latin America & Caribbean","Upper middle income",9.07086401972484,72.4203155643711,5.504,54.3781976712844
"557",0.396046995029372,2020,"DOM","Dominican Republic","Latin America & Caribbean","Upper middle income",8.90867747854765,73.2643793773663,6.126,44.7331613466756
"558",0.510995029371893,1992,"DOM","Dominican Republic","Latin America & Caribbean","Upper middle income",8.00289698624355,55.6153197882278,6.7,80.4648015417106
"559",0.385051965657479,2021,"DOM","Dominican Republic","Latin America & Caribbean","Upper middle income",9.02940646432654,72.9243347395035,7.702,51.9500227303115
"560",0.538982376863986,2004,"ECU","Ecuador","Latin America & Caribbean","Upper middle income",8.39620840107369,61.7829573274038,5.002,56.0745467239942
"561",0.498000903750565,2008,"ECU","Ecuador","Latin America & Caribbean","Upper middle income",8.50510080233759,62.5395521004212,3.917,74.5902963648439
"562",0.533984636240398,2007,"ECU","Ecuador","Latin America & Caribbean","Upper middle income",8.4585685829046,62.3887552077227,3.142,68.8505854462677
"563",0.534984184365115,2003,"ECU","Ecuador","Latin America & Caribbean","Upper middle income",8.34764087605656,61.5418469886978,5.662,52.3575426975979
"564",0.450022593764121,2016,"ECU","Ecuador","Latin America & Caribbean","Upper middle income",8.67404921638138,62.9913367571804,4.597,40.5344917996647
"565",0.522989606868504,2006,"ECU","Ecuador","Latin America & Caribbean","Upper middle income",8.45680191312369,62.2099988435587,3.55,65.8423556166562
"566",0.460018075011297,2015,"ECU","Ecuador","Latin America & Caribbean","Upper middle income",8.69553344676442,62.959188676731,3.616,47.8280397077826
"567",0.530985991866245,2005,"ECU","Ecuador","Latin America & Caribbean","Upper middle income",8.4314889943203,62.0068704145716,3.779,61.9581507902572
"568",0.469014008133755,2013,"ECU","Ecuador","Latin America & Caribbean","Upper middle income",8.68157507809235,62.8837286624122,3.083,63.4333003342414
"569",0.49600180750113,1998,"ECU","Ecuador","Latin America & Caribbean","Upper middle income",8.3551549667131,59.8393139134949,4.395,43.395107949805
"570",0.461017623136015,2012,"ECU","Ecuador","Latin America & Caribbean","Upper middle income",8.62691829210829,62.8408732819135,3.235,67.0029290916898
"571",0.53298508811568,1994,"ECU","Ecuador","Latin America & Caribbean","Upper middle income",8.31564983955171,57.6157113551947,4.419,43.7777474951998
"572",0.562971531857207,2000,"ECU","Ecuador","Latin America & Caribbean","Upper middle income",8.28233094292447,60.6865005107058,4.8,65.4042953826391
"573",0.459018526886579,2011,"ECU","Ecuador","Latin America & Caribbean","Upper middle income",8.58661798889225,62.7949053547691,3.458,70.0356837525249
"574",0.450022593764121,2014,"ECU","Ecuador","Latin America & Caribbean","Upper middle income",8.70864654739447,62.9232432195799,3.48,61.4263766217565
"575",0.452021690013556,2024,"ECU","Ecuador","Latin America & Caribbean","Upper middle income",8.69941372821883,63.2376932397602,4.773,57.2031395531255
"576",0.458018978761862,2021,"ECU","Ecuador","Latin America & Caribbean","Upper middle income",8.66821236299871,63.0871268249117,4.552,53.261275610573
"577",0.485006778129236,2009,"ECU","Ecuador","Latin America & Caribbean","Upper middle income",8.49889414385689,62.6588021150118,4.608,57.3473460627608
"578",0.447023949389968,2017,"ECU","Ecuador","Latin America & Caribbean","Upper middle income",8.7167442205943,63.0194591842425,3.836,43.6177233172817
"579",0.507996384997741,1995,"ECU","Ecuador","Latin America & Caribbean","Upper middle income",8.31890988581443,58.218469145091,4.417,45.9112707318244
"580",0.488005422503389,2010,"ECU","Ecuador","Latin America & Caribbean","Upper middle income",8.52162410915982,62.7405258611644,4.088,65.7773849135062
"581",0.585961138725712,1999,"ECU","Ecuador","Latin America & Caribbean","Upper middle income",8.28883429784529,60.2913906089831,4.658,49.2012507989376
"582",0.455020334387709,2022,"ECU","Ecuador","Latin America & Caribbean","Upper middle income",8.71727197629004,63.0901835932266,3.761,61.880792818786
"583",0.446024401265251,2023,"ECU","Ecuador","Latin America & Caribbean","Upper middle income",8.72823472431252,63.1307729554263,3.51,56.9977535649091
"584",0.454020786262991,2018,"ECU","Ecuador","Latin America & Caribbean","Upper middle income",8.70997577666774,63.0433276812321,3.53,48.0093476154836
"585",0.473012200632625,2020,"ECU","Ecuador","Latin America & Caribbean","Upper middle income",8.58591470325518,63.0773897782521,6.127,43.9893109378389
"586",0.457019430637144,2019,"ECU","Ecuador","Latin America & Caribbean","Upper middle income",8.69473490692573,63.0627139714638,3.812,48.0828494933307
"587",0.283098056936286,2012,"EGY","Egypt, Arab Rep.","Middle East & North Africa","Lower middle income",8.07744464763005,42.8118514138525,12.597,40.7117692721084
"588",0.318082241301401,2004,"EGY","Egypt, Arab Rep.","Middle East & North Africa","Lower middle income",7.853380872643,42.9255593360476,10.32,57.8199052132701
"589",0.311085404428378,2008,"EGY","Egypt, Arab Rep.","Middle East & North Africa","Lower middle income",8.02362217320919,42.9608989120873,8.517,71.6806253489671
"590",0.315083596927248,2017,"EGY","Egypt, Arab Rep.","Middle East & North Africa","Lower middle income",8.14697252052128,42.4486008687179,11.767,42.8321343581608
"591",0.319081789426118,2019,"EGY","Egypt, Arab Rep.","Middle East & North Africa","Lower middle income",8.21642442977444,42.4812027332648,7.851,41.1240171551108
"592",0.285097153185721,2021,"EGY","Egypt, Arab Rep.","Middle East & North Africa","Lower middle income",8.25252946525552,42.5686062621468,7.441,29.8569734808122
"593",0.301089923181202,1995,"EGY","Egypt, Arab Rep.","Middle East & North Africa","Lower middle income",7.63763927855659,42.7019009364527,11.04,50.2450980392157
"594",0.30208947130592,2010,"EGY","Egypt, Arab Rep.","Middle East & North Africa","Lower middle income",8.08142717642755,42.9057175520154,8.757,47.9363500745898
"595",0.308086760054225,1999,"EGY","Egypt, Arab Rep.","Middle East & North Africa","Lower middle income",7.76720652305338,42.6900387539957,7.95,38.3615084525358
"596",0.318082241301401,2015,"EGY","Egypt, Arab Rep.","Middle East & North Africa","Lower middle income",8.10379114723949,42.6056314089048,13.052,34.8459429600229
"597",0.512994125621329,2001,"SLV","El Salvador","Latin America & Caribbean","Upper middle income",7.99920778025017,57.4526760394716,6.96,65.8907385362251
"598",0.43402982376864,2013,"SLV","El Salvador","Latin America & Caribbean","Upper middle income",8.20662583244887,68.0878511957995,3.693,80.4511944908271
"599",0.416037957523724,2014,"SLV","El Salvador","Latin America & Caribbean","Upper middle income",8.21985125775126,68.9166664266223,4.154,78.1044257477935
"600",0.418037053773159,2012,"SLV","El Salvador","Latin America & Caribbean","Upper middle income",8.18908966342494,67.2232666950659,3.843,77.6485716222883
"601",0.380054225033891,2017,"SLV","El Salvador","Latin America & Caribbean","Upper middle income",8.28269546036484,71.0856704711914,4.385,74.3046511916519
"602",0.386051513782196,2018,"SLV","El Salvador","Latin America & Caribbean","Upper middle income",8.30552428315673,71.7577209472656,4.006,75.6336168879956
"603",0.406042476276548,2015,"SLV","El Salvador","Latin America & Caribbean","Upper middle income",8.24021123890809,69.6982116699219,3.998,76.5602707370519
"604",0.400045187528242,2016,"SLV","El Salvador","Latin America & Caribbean","Upper middle income",8.26251947625016,70.3990173339844,4.418,72.8190933731491
"605",0.423034794396746,2011,"SLV","El Salvador","Latin America & Caribbean","Upper middle income",8.16452994537616,66.334413642034,4.297,79.2766437025052
"606",0.458018978761862,2009,"SLV","El Salvador","Latin America & Caribbean","Upper middle income",8.11307063431765,64.5299047495248,7.33,66.0711911744487
"607",0.518991414369634,2002,"SLV","El Salvador","Latin America & Caribbean","Upper middle income",8.01170764312865,58.3486233966841,6.2,65.9190907767708
"608",0.509995481247176,1996,"SLV","El Salvador","Latin America & Caribbean","Upper middle income",7.92842270726193,53.1766916094294,7.68,55.2818567293307
"609",0.478009941256213,2004,"SLV","El Salvador","Latin America & Caribbean","Upper middle income",8.03308619044718,60.1425374326239,6.8,69.7822641767691
"610",0.543980117487573,1998,"SLV","El Salvador","Latin America & Caribbean","Upper middle income",7.97257657628014,54.8269693353978,7.1,60.8722907509534
"611",0.457019430637144,2006,"SLV","El Salvador","Latin America & Caribbean","Upper middle income",8.10238906215072,61.9068679391763,6.57,73.4555675070266
"612",0.50399819249887,2003,"SLV","El Salvador","Latin America & Caribbean","Upper middle income",8.02524318903368,59.2468576589718,6.9,68.23698247861
"613",0.435029371893357,2010,"SLV","El Salvador","Latin America & Caribbean","Upper middle income",8.13108751258406,65.4327927543162,4.893,73.5372876725398
"614",0.485006778129236,2005,"SLV","El Salvador","Latin America & Caribbean","Upper middle income",8.05939040703884,61.0308213239291,7.22,69.7158116750578
"615",0.469014008133755,2008,"SLV","El Salvador","Latin America & Caribbean","Upper middle income",8.13752718797106,63.6372503452723,5.88,80.6659739399085
"616",0.452021690013556,2007,"SLV","El Salvador","Latin America & Caribbean","Upper middle income",8.11944690711527,62.7676878093683,6.41,77.6210560347995
"617",0.520990510619069,1999,"SLV","El Salvador","Latin America & Caribbean","Upper middle income",7.98835057315289,55.6870076151174,7.3,60.9904896201298
"618",0.398046091278807,2023,"SLV","El Salvador","Latin America & Caribbean","Upper middle income",8.40942486310874,74.6080675149903,2.992,81.7147723425988
"619",0.388050610031631,2022,"SLV","El Salvador","Latin America & Caribbean","Upper middle income",8.37930049385716,74.1465021298679,2.999,88.7011093776867
"620",0.514993221870764,2000,"SLV","El Salvador","Latin America & Caribbean","Upper middle income",7.99459638121267,56.5638569810457,6.96,68.7100889044911
"621",0.498000903750565,1995,"SLV","El Salvador","Latin America & Caribbean","Upper middle income",7.92780234500189,52.3961349506028,7.65,59.3607543357884
"622",0.390049706281066,2021,"SLV","El Salvador","Latin America & Caribbean","Upper middle income",8.35409703746231,73.6838531494141,4.327,81.8450759800765
"623",0.537982828739268,1991,"SLV","El Salvador","Latin America & Caribbean","Upper middle income",7.75873228713646,49.6386716440595,7.53,47.7534309263615
"624",0.388050610031631,2019,"SLV","El Salvador","Latin America & Caribbean","Upper middle income",8.3292030475324,72.4148941040039,4.17,76.0420130991468
"625",0.385051965657479,2022,"GNQ","Equatorial Guinea","Sub-Saharan Africa","Upper middle income",8.61690152590422,70.8910029445467,8.455,81.8130161368099
"626",0.346069588793493,2014,"EST","Estonia","Europe & Central Asia","High income",9.7650117711724,68.2668382808032,7.352,157.953944842229
"627",0.327078174423859,2015,"EST","Estonia","Europe & Central Asia","High income",9.78257087403664,68.4796609690553,6.412,148.507157123558
"628",0.351067329417081,2013,"EST","Estonia","Europe & Central Asia","High income",9.72970142520587,68.0923458296768,8.631,164.601632156916
"629",0.308086760054225,2019,"EST","Estonia","Europe & Central Asia","High income",9.93206896822488,69.5787397662154,4.514,140.352147998549
"630",0.307087211929507,2020,"EST","Estonia","Europe & Central Asia","High income",9.90083131269748,69.8815778947665,6.956,137.392641283846
"631",0.312084952553095,2016,"EST","Estonia","Europe & Central Asia","High income",9.81274124557614,68.724038178078,6.882,147.7462327097
"632",0.303089019430637,2018,"EST","Estonia","Europe & Central Asia","High income",9.89919563001355,69.2803532930133,5.412,143.485224864735
"633",0.329077270673294,2012,"EST","Estonia","Europe & Central Asia","High income",9.70873004978842,67.9629593320316,10.021,169.156067773865
"634",0.37605603253502,1998,"EST","Estonia","Europe & Central Asia","High income",9.12695173489029,67.6521763500664,9.51,156.838235827521
"635",0.358064166290104,2000,"EST","Estonia","Europe & Central Asia","High income",9.21101710574961,67.385529072627,13.36,126.495626368659
"636",0.360063262539539,2001,"EST","Estonia","Europe & Central Asia","High income",9.27452997306384,67.3926456349791,13.134,126.546640067292
"637",0.358064166290104,2002,"EST","Estonia","Europe & Central Asia","High income",9.3478966028784,67.4090870965661,10.026,123.28234538757
"638",0.318082241301401,2021,"EST","Estonia","Europe & Central Asia","High income",9.97908960796225,70.1777274135822,6.178,160.471922305927
"639",0.394047898779937,1993,"EST","Estonia","Europe & Central Asia","High income",8.81084143103891,70.0366053397264,6.544,132.126372731459
"640",0.325079078174424,2011,"EST","Estonia","Europe & Central Asia","High income",9.66908854191063,67.8775556334506,12.328,166.7460724339
"641",0.319081789426118,2008,"EST","Estonia","Europe & Central Asia","High income",9.72250496525295,67.6696980194394,5.455,136.681988157836
"642",0.301089923181202,1995,"EST","Estonia","Europe & Central Asia","High income",8.87779287429102,68.959092258676,9.659,139.087473677663
"643",0.323079981924989,2022,"EST","Estonia","Europe & Central Asia","High income",9.95338660136682,70.4892333736738,5.571,175.68711950524
"644",0.304088567555355,2017,"EST","Estonia","Europe & Central Asia","High income",9.8663470086245,68.9931941915158,5.807,144.635650944133
"645",0.37205784003615,2003,"EST","Estonia","Europe & Central Asia","High income",9.42738891871542,67.4341760348669,11.288,122.744772807796
"646",0.320081337550836,2010,"EST","Estonia","Europe & Central Asia","High income",9.5927374344337,67.8048042926262,16.707,143.671762256978
"647",0.307087211929507,2023,"EST","Estonia","Europe & Central Asia","High income",9.90978632598162,70.6770085523126,6.378,154.592617111149
"648",0.31408404880253,2009,"EST","Estonia","Europe & Central Asia","High income",9.56625460425466,67.7348909034398,13.548,116.759079859802
"649",0.312084952553095,2007,"EST","Estonia","Europe & Central Asia","High income",9.77243686205684,67.6097866365576,4.592,133.980829235754
"650",0.336074107546317,2004,"EST","Estonia","Europe & Central Asia","High income",9.49916142901361,67.467351453949,10.248,129.949500077661
"651",0.337073655671035,2006,"EST","Estonia","Europe & Central Asia","High income",9.69489482293567,67.5557177507269,5.915,136.620737662645
"652",0.334075011296882,2005,"EST","Estonia","Europe & Central Asia","High income",9.59584886294519,67.5080523578799,8.033,135.912792115107
"653",0.545979213737009,2016,"SWZ","Eswatini","Sub-Saharan Africa","Lower middle income",8.16056878576597,23.5278881746356,22.718,89.3584874439935
"654",0.350067781292363,2015,"ETH","Ethiopia","Sub-Saharan Africa","Low income",6.39344377528803,19.451566696167,2.443,39.6561241449515
"655",0.311085404428378,2021,"ETH","Ethiopia","Sub-Saharan Africa","Low income",6.67286427019183,22.1067085266113,3.935,24.3450574647644
"656",0.283098056936286,2007,"FIN","Finland","Europe & Central Asia","High income",10.7410313513056,69.0200377316963,6.854,82.8631608209175
"657",0.280099412562133,2006,"FIN","Finland","Europe & Central Asia","High income",10.6935208496293,68.7588279849327,8.935,82.0005669294983
"658",0.279099864437415,2004,"FIN","Finland","Europe & Central Asia","High income",10.6339777921191,68.2766596767133,10.358,70.967802899062
"659",0.276101220063263,2005,"FIN","Finland","Europe & Central Asia","High income",10.6579497210747,68.5140529517604,9.602,76.5889740444293
"660",0.27710076818798,2003,"FIN","Finland","Europe & Central Asia","High income",10.5976088577383,68.0425549126858,10.469,68.0715029595159
"661",0.272103027564392,2000,"FIN","Finland","Europe & Central Asia","High income",10.5419832281829,67.1227685349539,11.134,74.9255788717317
"662",0.229122458201536,1991,"FIN","Finland","Europe & Central Asia","High income",10.285034808847,63.9701843261719,6.503,43.4814124469297
"663",0.272103027564392,2013,"FIN","Finland","Europe & Central Asia","High income",10.6662456451915,70.6742118159277,8.193,77.485171771574
"664",0.274102123813827,2017,"FIN","Finland","Europe & Central Asia","High income",10.7113513031535,71.9563038312956,8.64,75.9387822310041
"665",0.268104835065522,2014,"FIN","Finland","Europe & Central Asia","High income",10.6573178948457,70.9879168940753,8.663,74.6277719754196
"666",0.276101220063263,2011,"FIN","Finland","Europe & Central Asia","High income",10.700802242658,70.0583261874252,7.781,78.7159444486606
"667",0.271103479439675,2015,"FIN","Finland","Europe & Central Asia","High income",10.6586782460857,71.3054930040604,9.376,71.9618253787014
"668",0.271103479439675,2012,"FIN","Finland","Europe & Central Asia","High income",10.6806986035964,70.3661363168712,7.689,79.4303765882482
"669",0.27710076818798,2010,"FIN","Finland","Europe & Central Asia","High income",10.6818151106994,69.7855798796947,8.394,75.4612085231229
"670",0.271103479439675,2016,"FIN","Finland","Europe & Central Asia","High income",10.6811981950906,71.6158383428171,8.818,71.7222101178859
"671",0.27710076818798,2021,"FIN","Finland","Europe & Central Asia","High income",10.7318656741902,73.3710215780329,7.617,79.7892781913782
"672",0.278100316312698,2008,"FIN","Finland","Europe & Central Asia","High income",10.7441895641541,69.2943672196361,6.369,86.1896598765527
"673",0.279099864437415,2022,"FIN","Finland","Europe & Central Asia","High income",10.7367476836518,73.6967597835949,6.719,94.5625340522667
"674",0.271103479439675,2020,"FIN","Finland","Europe & Central Asia","High income",10.7075269729984,73.0849439791673,7.759,72.1845955995888
"675",0.235119746949842,1995,"FIN","Finland","Europe & Central Asia","High income",10.3052967970777,64.8059387207031,17.005,64.1355353769273
"676",0.275101671938545,2009,"FIN","Finland","Europe & Central Asia","High income",10.65519872389,69.546259966947,8.249,70.1279335295898
"677",0.27710076818798,2019,"FIN","Finland","Europe & Central Asia","High income",10.7341892592871,72.7431214358314,6.695,80.5641502947367
"678",0.274102123813827,2023,"FIN","Finland","Europe & Central Asia","High income",10.7223204524554,74.0062548602828,7.151,85.5633906057585
"679",0.27310257568911,2018,"FIN","Finland","Europe & Central Asia","High income",10.7218840698733,72.3423467740343,7.361,79.1436148422846
"680",0.327078174423859,2015,"FRA","France","Europe & Central Asia","High income",10.5105983090491,77.7610919150066,10.354,63.5046871956484
"681",0.316083145051966,2017,"FRA","France","Europe & Central Asia","High income",10.5342431837758,78.6467804026368,9.409,65.3958481559711
"682",0.312084952553095,2019,"FRA","France","Europe & Central Asia","High income",10.5637294253682,78.6890784549356,8.415,66.4289771741449
"683",0.307087211929507,2020,"FRA","France","Europe & Central Asia","High income",10.4831637662601,78.7119131765249,8.009,58.8388907240647
"684",0.315083596927248,2021,"FRA","France","Europe & Central Asia","High income",10.5461531399404,78.7364603392338,7.874,63.788482630872
"685",0.323079981924989,2014,"FRA","France","Europe & Central Asia","High income",10.5035429508225,77.3524296788613,10.273,62.1992669379507
"686",0.320081337550836,1996,"FRA","France","Europe & Central Asia","High income",10.2983560007266,75.3592581297959,12.367,46.1124801589641
"687",0.319081789426118,2016,"FRA","France","Europe & Central Asia","High income",10.5165231599284,78.5999114705779,10.057,63.3427564383351
"688",0.324079530049706,2018,"FRA","France","Europe & Central Asia","High income",10.5469833425764,78.6714432536599,9.018,66.8022607812266
"689",0.325079078174424,1999,"FRA","France","Europe & Central Asia","High income",10.3782523527686,76.1682703613968,11.981,51.6706614638734
"690",0.325079078174424,2001,"FRA","France","Europe & Central Asia","High income",10.4234911436204,76.9074413607811,8.61,56.8932328560722
"691",0.318082241301401,2002,"FRA","France","Europe & Central Asia","High income",10.4268417143243,77.2543866607525,8.702,55.1325248503102
"692",0.317082693176683,1998,"FRA","France","Europe & Central Asia","High income",10.3499828697445,75.8918556090764,12.074,51.4214328030771
"693",0.30608766380479,2004,"FRA","France","Europe & Central Asia","High income",10.4503696706437,77.4900500011961,8.914,53.7497648292028
"694",0.318082241301401,2023,"FRA","France","Europe & Central Asia","High income",10.5794737018903,78.7804323126547,7.335,70.6261450610225
"695",0.327078174423859,2009,"FRA","France","Europe & Central Asia","High income",10.4646122323006,77.1005391809676,9.122,52.1991123027613
"696",0.31408404880253,2003,"FRA","France","Europe & Central Asia","High income",10.4294170633175,77.4691216035138,8.306,52.5988822870657
"697",0.331076366922729,2012,"FRA","France","Europe & Central Asia","High income",10.4957445391265,77.1669464919916,9.841,61.6589570771102
"698",0.319081789426118,1997,"FRA","France","Europe & Central Asia","High income",10.3197449759332,75.6252262826369,12.566,49.803453474736
"699",0.337073655671035,2010,"FRA","France","Europe & Central Asia","High income",10.4794882798068,77.0962844808803,9.279,56.587555247796
"700",0.333075463172164,2011,"FRA","France","Europe & Central Asia","High income",10.4987450233732,77.1182717387509,9.228,60.6056354816406
"701",0.298091278807049,2005,"FRA","France","Europe & Central Asia","High income",10.4615603578135,77.4363315105438,8.882,55.8228361241299
"702",0.326078626299141,2000,"FRA","France","Europe & Central Asia","High income",10.4119645593863,76.5143983146093,10.218,57.7860470318197
"703",0.325079078174424,2013,"FRA","France","Europe & Central Asia","High income",10.4983625546286,77.2440721470918,9.913,61.8192338733962
"704",0.297091730682332,2006,"FRA","France","Europe & Central Asia","High income",10.4813758409337,77.3467240068648,8.832,57.8692775292673
"705",0.330076818798012,2008,"FRA","France","Europe & Central Asia","High income",10.498397836692,77.1561901569367,7.386,59.1797928411748
"706",0.324079530049706,2007,"FRA","France","Europe & Central Asia","High income",10.5001835367176,77.2457976606157,8.008,58.1525611309659
"707",0.312084952553095,2022,"FRA","France","Europe & Central Asia","High income",10.5679350677669,78.7591921123356,7.308,75.9630077981996
"708",0.380054225033891,2017,"GAB","Gabon","Sub-Saharan Africa","Upper middle income",8.83055172307543,89.0009733256896,20.303,75.0687404456638
"709",0.422035246272029,2005,"GAB","Gabon","Sub-Saharan Africa","Upper middle income",8.87209807780745,83.4326746392243,16.91,83.9495998399241
"710",0.359063714414821,2015,"GMB","Gambia, The","Sub-Saharan Africa","Low income",6.42897139877577,59.2458499408388,7.26,44.5223730803813
"711",0.388050610031631,2020,"GMB","Gambia, The","Sub-Saharan Africa","Low income",6.50840937463644,62.2069251698555,5.892,47.3955201736291
"712",0.473012200632625,2003,"GMB","Gambia, The","Sub-Saharan Africa","Low income",6.50104072412967,50.6010077995371,10.032,68.8587930342232
"713",0.436028920018075,2010,"GMB","Gambia, The","Sub-Saharan Africa","Low income",6.552528606636,56.0110896605662,9.723,41.0125150279466
"714",0.483007681879801,1998,"GMB","Gambia, The","Sub-Saharan Africa","Low income",6.43169503861048,43.96201460512,9.956,53.8709622701508
"715",0.412039765024853,1998,"GEO","Georgia","Europe & Central Asia","Upper middle income",7.2666830359156,52.8545115995706,14.53,53.5666693215985
"716",0.40104473565296,1999,"GEO","Georgia","Europe & Central Asia","Upper middle income",7.31552638474435,52.645783673319,13.8,57.1518743274472
"717",0.37205784003615,2002,"GEO","Georgia","Europe & Central Asia","Upper middle income",7.47794186249235,52.4127676027039,12.59,71.6291255364807
"718",0.366060551287845,2003,"GEO","Georgia","Europe & Central Asia","Upper middle income",7.58956919673983,52.5144705663341,11.51,77.6333765369391
"719",0.40504292815183,2000,"GEO","Georgia","Europe & Central Asia","Upper middle income",7.35320918748934,52.4935999592259,10.82,62.6613956413099
"720",0.396046995029372,2001,"GEO","Georgia","Europe & Central Asia","Upper middle income",7.41567479875403,52.4098165040349,11.16,63.3299250824094
"721",0.407042024401265,1997,"GEO","Georgia","Europe & Central Asia","Upper middle income",7.21139695820406,53.1079276912372,11.5,57.7530659289995
"722",0.342071396294623,2021,"GEO","Georgia","Europe & Central Asia","Upper middle income",8.55163300422933,59.4293560618005,11.791,101.60090754891
"723",0.3350745594216,2022,"GEO","Georgia","Europe & Central Asia","Upper middle income",8.65457046590989,60.0101622679115,11.647,114.695437688718
"724",0.395047446904654,2010,"GEO","Georgia","Europe & Central Asia","Upper middle income",8.03594744948294,55.1969344748228,20.203,81.6733870603639
"725",0.348068685042928,2023,"GEO","Georgia","Europe & Central Asia","Upper middle income",8.72917396650096,60.7523077799724,11.537,107.151179161579
"726",0.385051965657479,2008,"GEO","Georgia","Europe & Central Asia","Upper middle income",7.99637062526162,54.2232719833673,17.87,86.2982243681487
"727",0.369059195661997,2006,"GEO","Georgia","Europe & Central Asia","Upper middle income",7.84573412814132,53.3593916521584,13.57,89.125374368197
"728",0.371058291911432,1996,"GEO","Georgia","Europe & Central Asia","Upper middle income",7.07928818553239,53.3941759015751,11.5,45.6965490500194
"729",0.33907275192047,2024,"GEO","Georgia","Europe & Central Asia","Upper middle income",8.82586453685983,61.0789605093733,11.48,103.456471449056
"730",0.390049706281066,2012,"GEO","Georgia","Europe & Central Asia","Upper middle income",8.19140232888114,56.1683526759979,19.653,89.7348800946338
"731",0.382053321283326,2009,"GEO","Georgia","Europe & Central Asia","Upper middle income",7.96806187658107,54.7033821122222,20.71,78.1930390303569
"732",0.345070040668775,2020,"GEO","Georgia","Europe & Central Asia","Upper middle income",8.44668687235555,58.9990552763878,11.73,92.8910841752194
"733",0.381053773158608,2007,"GEO","Georgia","Europe & Central Asia","Upper middle income",7.96940513740595,53.7706073945741,13.28,88.3934140686603
"734",0.379054676909173,2017,"GEO","Georgia","Europe & Central Asia","Upper middle income",8.39897423504682,57.9996827205757,13.939,102.584277697146
"735",0.396046995029372,2011,"GEO","Georgia","Europe & Central Asia","Upper middle income",8.12032195097598,55.6899257648533,19.632,85.4659350932986
"736",0.374056936285585,2005,"GEO","Georgia","Europe & Central Asia","Upper middle income",7.7500122451776,53.0036280624359,13.81,84.5295975354749
"737",0.366060551287845,2016,"GEO","Georgia","Europe & Central Asia","Upper middle income",8.34879620797026,57.6984032005062,16.604,94.9262528383443
"738",0.386051513782196,2013,"GEO","Georgia","Europe & Central Asia","Upper middle income",8.24446698870128,56.6182119019407,19.416,93.8139137895532
"739",0.362062358788974,2004,"GEO","Georgia","Europe & Central Asia","Upper middle income",7.65207299240279,52.7173199317225,12.62,79.0407459055607
"740",0.365061003163127,2015,"GEO","Georgia","Europe & Central Asia","Upper middle income",8.31547407572165,57.3803800455672,16.506,97.0163115086257
"741",0.359063714414821,2019,"GEO","Georgia","Europe & Central Asia","Upper middle income",8.51234374824076,58.6304091780343,11.565,117.810080239714
"742",0.37605603253502,2014,"GEO","Georgia","Europe & Central Asia","Upper middle income",8.28408788641567,57.0237612994258,17.439,94.9506979383393
"743",0.364061455038409,2018,"GEO","Georgia","Europe & Central Asia","Upper middle income",8.45821858661897,58.3038181862576,12.667,109.847740556266
"744",0.289095345684591,2000,"DEU","Germany","Europe & Central Asia","High income",10.4660740904718,80.0942160905637,7.917,59.1955992975405
"745",0.312084952553095,2007,"DEU","Germany","Europe & Central Asia","High income",10.5608281349811,80.2198636634402,8.732,74.8838416816798
"746",0.290094893809309,1999,"DEU","Germany","Europe & Central Asia","High income",10.4390691279892,80.0826572678738,8.854,51.519227436406
"747",0.311085404428378,2012,"DEU","Germany","Europe & Central Asia","High income",10.6172828073582,80.393447520218,5.372,79.3316495670315
"748",0.298091278807049,2002,"DEU","Germany","Europe & Central Asia","High income",10.4766543988647,80.1213973750556,8.482,58.3325687248129
"749",0.308086760054225,2014,"DEU","Germany","Europe & Central Asia","High income",10.6359147264193,80.57574023743,4.979,76.8483516336234
"750",0.298091278807049,2003,"DEU","Germany","Europe & Central Asia","High income",10.4707886676423,80.1373116303862,9.779,58.9145442942507
"751",0.30208947130592,2004,"DEU","Germany","Europe & Central Asia","High income",10.4825596296723,80.1549694901257,10.727,62.9064909465164
"752",0.299090826931767,2001,"DEU","Germany","Europe & Central Asia","High income",10.4806208482212,80.1070808273695,7.773,59.5592863682118
"753",0.315083596927248,2013,"DEU","Germany","Europe & Central Asia","High income",10.6185159015689,80.4732318400362,5.316,77.5860288576931
"754",0.283098056936286,1998,"DEU","Germany","Europe & Central Asia","High income",10.4186433568996,80.0722584625357,9.787,50.1554657792327
"755",0.30608766380479,2011,"DEU","Germany","Europe & Central Asia","High income",10.614535674088,80.3405762928198,5.967,78.433002901442
"756",0.313084500677813,2017,"DEU","Germany","Europe & Central Asia","High income",10.6815152742909,80.9842544038853,3.781,77.4548394742448
"757",0.305088115680072,2009,"DEU","Germany","Europe & Central Asia","High income",10.5170612950368,80.2745192417062,7.88,66.1391275757126
"758",0.317082693176683,2015,"DEU","Germany","Europe & Central Asia","High income",10.6437509949551,80.6974371632814,4.612,77.7565815686922
"759",0.31408404880253,2016,"DEU","Germany","Europe & Central Asia","High income",10.6576577157048,80.8347870684725,4.104,76.0059902166055
"760",0.280099412562133,1996,"DEU","Germany","Europe & Central Asia","High income",10.381144967877,80.0543573168571,8.822,43.903586095325
"761",0.292093990058744,1994,"DEU","Germany","Europe & Central Asia","High income",10.361715683437,80.0393454794137,8.727,41.0957443335763
"762",0.282098508811568,1997,"DEU","Germany","Europe & Central Asia","High income",10.398055229569,80.0628737777848,9.861,48.380321068738
"763",0.288095797559873,1995,"DEU","Germany","Europe & Central Asia","High income",10.3737144506972,80.0465631829882,8.158,42.6061486475818
"764",0.291094441934026,1992,"DEU","Germany","Europe & Central Asia","High income",10.355899041892,80.026055776091,6.323,44.6840440028306
"765",0.317082693176683,2005,"DEU","Germany","Europe & Central Asia","High income",10.4919432909115,80.1745168510383,11.193,66.9531024934321
"766",0.30208947130592,2010,"DEU","Germany","Europe & Central Asia","High income",10.5591077494838,80.305702559949,7.043,73.8852351200263
"767",0.295092634432897,1991,"DEU","Germany","Europe & Central Asia","High income",10.343566428172,80.0196919828142,5.316,47.6354131979568
"768",0.324079530049706,2020,"DEU","Germany","Europe & Central Asia","High income",10.6542636411435,81.4700055002738,3.881,72.9335327120137
"769",0.286096701310438,1993,"DEU","Germany","Europe & Central Asia","High income",10.339547149873,80.0325583093694,7.675,39.7493939704326
"770",0.308086760054225,2008,"DEU","Germany","Europe & Central Asia","High income",10.5715693999972,80.2459549084581,7.508,76.1131665945746
"771",0.318082241301401,2019,"DEU","Germany","Europe & Central Asia","High income",10.6972776208742,81.3053991689039,3.163,79.0732427175683
"772",0.31008585630366,2006,"DEU","Germany","Europe & Central Asia","High income",10.5310092568512,80.1960996098884,10.277,72.7591934646234
"773",0.319081789426118,2018,"DEU","Germany","Europe & Central Asia","High income",10.6898029616097,81.1423036204018,3.384,79.1252260463654
"774",0.428032535020334,2005,"GHA","Ghana","Sub-Saharan Africa","Lower middle income",7.04168440817412,47.4528437795757,5.816,98.1715141146279
"775",0.40104473565296,1998,"GHA","Ghana","Sub-Saharan Africa","Lower middle income",6.89993106750372,42.4529260811866,8.2,80.5995432469935
"776",0.384052417532761,1991,"GHA","Ghana","Sub-Saharan Africa","Lower middle income",6.7783703681687,36.5466714503918,3.489,42.4883492637987
"777",0.435029371893357,2016,"GHA","Ghana","Sub-Saharan Africa","Lower middle income",7.46210638650676,54.167052758274,5.232,67.8769994445865
"778",0.424034342521464,2012,"GHA","Ghana","Sub-Saharan Africa","Lower middle income",7.40278117433023,51.9197918381031,3.141,93.1680351286831
"779",0.329077270673294,2021,"GRC","Greece","Europe & Central Asia","High income",9.864381186146,78.3884898647442,14.656,88.0126654490379
"780",0.360063262539539,2015,"GRC","Greece","Europe & Central Asia","High income",9.79705589807022,77.5194426317545,24.981,65.2716454619318
"781",0.350067781292363,2016,"GRC","Greece","Europe & Central Asia","High income",9.8008970301185,77.7122988766348,23.514,63.6575490882866
"782",0.329077270673294,2018,"GRC","Greece","Europe & Central Asia","High income",9.83996392753441,78.0490656849874,19.179,79.2379908638706
"783",0.331076366922729,2019,"GRC","Greece","Europe & Central Asia","High income",9.86353372053176,78.1888100466875,17.045,80.5900949510457
"784",0.336074107546317,2020,"GRC","Greece","Europe & Central Asia","High income",9.76921024368943,78.3066842455552,15.899,70.2937464580745
"785",0.344070492544058,2017,"GRC","Greece","Europe & Central Asia","High income",9.81749865878462,77.8895342613411,21.413,70.8824967397253
"786",0.358064166290104,2014,"GRC","Greece","Europe & Central Asia","High income",9.79275291344417,77.3130486275866,26.708,66.4335364513677
"787",0.355065521915951,2002,"GRC","Greece","Europe & Central Asia","High income",9.88064707061025,73.0977109642516,10.346,50.0533371904633
"788",0.346069588793493,2005,"GRC","Greece","Europe & Central Asia","High income",9.99335232313754,74.2617376694311,10.074,50.3555334391407
"789",0.361062810664257,2013,"GRC","Greece","Europe & Central Asia","High income",9.77820074620124,77.0951999650171,27.686,62.9547272215374
"790",0.351067329417081,2006,"GRC","Greece","Europe & Central Asia","High income",10.0527921853042,74.717750055608,8.906,51.1047465834807
"791",0.328077722548577,2003,"GRC","Greece","Europe & Central Asia","High income",9.93461094105719,73.432268024093,9.839,47.8943121550822
"792",0.341071848169905,2010,"GRC","Greece","Europe & Central Asia","High income",9.97802548337689,76.3631476983077,12.719,50.9225181997227
"793",0.340072300045188,2007,"GRC","Greece","Europe & Central Asia","High income",10.084712408554,75.1753473512439,8.351,54.5256818189044
"794",0.336074107546317,2004,"GRC","Greece","Europe & Central Asia","High income",9.98451923697808,73.8267602923728,10.628,49.825317672568
"795",0.348068685042928,2011,"GRC","Greece","Europe & Central Asia","High income",9.87551266906274,76.6352609929407,17.973,56.2929957941907
"796",0.336074107546317,2008,"GRC","Greece","Europe & Central Asia","High income",10.0826324053251,75.615079456679,7.664,57.1052836264926
"797",0.363061906913692,2012,"GRC","Greece","Europe & Central Asia","High income",9.79393281171623,76.8679797449322,24.731,62.3942117351318
"798",0.334075011296882,2022,"GRC","Greece","Europe & Central Asia","High income",9.93072922219965,78.5502190980809,12.426,108.121843229922
"799",0.370058743786715,1995,"GRC","Greece","Europe & Central Asia","High income",9.67139256849239,72.0831868417364,10.116,36.1256353436075
"800",0.334075011296882,2023,"GRC","Greece","Europe & Central Asia","High income",9.95469692193208,78.7746303842088,11.066,92.4710882947018
"801",0.344070492544058,2000,"GRC","Greece","Europe & Central Asia","High income",9.79828849392111,72.665642910984,11.345,59.1126577488086
"802",0.336074107546317,2009,"GRC","Greece","Europe & Central Asia","High income",10.0379369152664,76.0174962722535,9.546,46.3779593986083
"803",0.494002711251695,1998,"GTM","Guatemala","Latin America & Caribbean","Upper middle income",8.03591858740211,39.9406715289323,2.609,44.4237399632554
"804",0.541981021238138,2000,"GTM","Guatemala","Latin America & Caribbean","Upper middle income",8.06020288035462,43.2434755105047,2.606,49.1455879049537
"805",0.483007681879801,2014,"GTM","Guatemala","Latin America & Caribbean","Upper middle income",8.24528364301206,53.1458479013964,2.717,55.0832735945126
"806",0.452021690013556,2023,"GTM","Guatemala","Latin America & Caribbean","Upper middle income",8.40530190429754,55.6082319565539,2.344,48.2970707467356
"807",0.544979665612291,2006,"GTM","Guatemala","Latin America & Caribbean","Upper middle income",8.12803933855746,48.7676356188334,2.948,67.9119237396616
"808",0.337073655671035,2012,"GIN","Guinea","Sub-Saharan Africa","Lower middle income",6.57856474977456,34.3313936933767,4.884,86.6743318322581
"809",0.456019882512427,1991,"GIN","Guinea","Sub-Saharan Africa","Lower middle income",6.29272171113945,28.4712516184031,4.573,41.7787115678445
"810",0.461017623136015,1994,"GIN","Guinea","Sub-Saharan Africa","Lower middle income",6.32070135367585,29.2360010751533,4.526,33.3418125019301
"811",0.43003163126977,2002,"GIN","Guinea","Sub-Saharan Africa","Lower middle income",6.47782578934585,31.5131362085814,4.549,38.0284032674396
"812",0.394047898779937,2007,"GIN","Guinea","Sub-Saharan Africa","Lower middle income",6.51278341979663,32.9740386596386,4.818,71.1210322265015
"813",0.296092182557614,2018,"GIN","Guinea","Sub-Saharan Africa","Lower middle income",6.80229178918396,35.8554382324219,4.787,88.984111543709
"814",0.557973791233619,1991,"GNB","Guinea-Bissau","Sub-Saharan Africa","Low income",6.37261222526504,32.7516507277478,3.038,47.7736098789209
"815",0.436028920018075,1993,"GNB","Guinea-Bissau","Sub-Saharan Africa","Low income",6.3418750379108,33.9519253078613,3.148,41.5863006471537
"816",0.348068685042928,2018,"GNB","Guinea-Bissau","Sub-Saharan Africa","Low income",6.53154332423421,43.4449081420898,3.127,55.0195890357005
"817",0.356065070040669,2002,"GNB","Guinea-Bissau","Sub-Saharan Africa","Low income",6.38694755803021,37.4734924367695,3.181,39.6760635550924
"818",0.505997288748305,2010,"GNB","Guinea-Bissau","Sub-Saharan Africa","Low income",6.43919704830935,40.0095596313477,3.137,43.5145876385454
"819",0.334075011296882,2021,"GNB","Guinea-Bissau","Sub-Saharan Africa","Low income",6.5925335688377,44.7334136962891,3.031,44.8094556831993
"820",0.451022141888839,1998,"GUY","Guyana","Latin America & Caribbean","High income",8.21826043229961,29.0315973956489,11.731,203.842431497026
"821",0.395047446904654,1992,"GUY","Guyana","Latin America & Caribbean","High income",7.90719487903963,29.5528652056286,11.9,274.973115932726
"822",0.411040216900136,2012,"HTI","Haiti","Latin America & Caribbean","Lower middle income",7.2114721992944,47.4314843495779,14.1,40.2582414988129
"823",0.589959331224582,2001,"HTI","Haiti","Latin America & Caribbean","Lower middle income",7.18091810313715,38.3871832598564,9.754,27.569933019116
"824",0.549977406235879,1994,"HND","Honduras","Latin America & Caribbean","Lower middle income",6.71391767758122,42.392319157232,3.136,114.438113886322
"825",0.554975146859467,1995,"HND","Honduras","Latin America & Caribbean","Lower middle income",6.90611049218284,42.8611266380328,3.24,114.537647463165
"826",0.533984636240398,1993,"HND","Honduras","Latin America & Caribbean","Lower middle income",6.48748586755056,41.9238207203885,3.097,98.2484665384967
"827",0.551976502485314,1999,"HND","Honduras","Latin America & Caribbean","Lower middle income",7.42522646671655,44.8043245652756,3.85,121.502105602734
"828",0.556974243108902,1996,"HND","Honduras","Latin America & Caribbean","Lower middle income",7.08455185804285,43.3334870410143,4.37,122.725112727964
"829",0.526987799367375,1997,"HND","Honduras","Latin America & Caribbean","Lower middle income",7.25892687479084,43.8126442443997,3.32,121.466190207647
"830",0.572967013104383,1998,"HND","Honduras","Latin America & Caribbean","Lower middle income",7.34197494862748,44.3018421264124,4.02,122.69670703096
"831",0.580963398102124,2004,"HND","Honduras","Latin America & Caribbean","Lower middle income",7.55428741584698,47.5739776096056,5.99,135.461758741854
"832",0.530985991866245,2010,"HND","Honduras","Latin America & Caribbean","Lower middle income",7.65371933637134,51.3273733161098,4.119,109.441838241682
"833",0.517991866244916,1991,"HND","Honduras","Latin America & Caribbean","Lower middle income",6.32994475182971,40.9747754656802,4.58,89.5935124691766
"834",0.517991866244916,1992,"HND","Honduras","Latin America & Caribbean","Lower middle income",6.3880385819077,41.452387449279,3.06,84.7584594344201
"835",0.554975146859467,2008,"HND","Honduras","Latin America & Caribbean","Lower middle income",7.68485157067539,50.0312316063593,3.156,135.748955193053
"836",0.59495707184817,2005,"HND","Honduras","Latin America & Caribbean","Lower middle income",7.58875724365194,48.1703884178554,4.909,136.489768018486
"837",0.574966109353818,2006,"HND","Honduras","Latin America & Caribbean","Lower middle income",7.62877776525177,48.7790074235564,3.574,133.13183510432
"838",0.557973791233619,2007,"HND","Honduras","Latin America & Caribbean","Lower middle income",7.66584499580214,49.3994250214704,3.211,135.070634917917
"839",0.553975598734749,2001,"HND","Honduras","Latin America & Caribbean","Lower middle income",7.48951725423363,45.8623033555915,4,115.943071737954
"840",0.512994125621329,2009,"HND","Honduras","Latin America & Caribbean","Lower middle income",7.63834688398805,50.6740175729851,3.292,96.9050060188904
"841",0.556974243108902,2002,"HND","Honduras","Latin America & Caribbean","Lower middle income",7.49996163789468,46.4194190064116,4.02,117.997454450299
"842",0.580963398102124,2003,"HND","Honduras","Latin America & Caribbean","Lower middle income",7.51876871310526,46.990184604045,5.3,122.248277175534
"843",0.482008133755084,2019,"HND","Honduras","Latin America & Caribbean","Lower middle income",7.80286996993053,56.3791561389766,5.698,99.4599779937589
"844",0.525988251242657,2011,"HND","Honduras","Latin America & Caribbean","Lower middle income",7.67069092031955,51.9908892304951,4.474,122.216902597337
"845",0.498000903750565,2016,"HND","Honduras","Latin America & Caribbean","Lower middle income",7.74748017842633,54.8868414578857,6.727,99.8157169505924
"846",0.468014460009037,2023,"HND","Honduras","Latin America & Caribbean","Lower middle income",7.83489639726341,58.3132392705102,6.07,98.7919798336365
"847",0.457019430637144,2024,"HND","Honduras","Latin America & Caribbean","Lower middle income",7.85297222468956,58.7850728104829,6.061,91.1101585856976
"848",0.492003615002259,2015,"HND","Honduras","Latin America & Caribbean","Lower middle income",7.72806477625859,54.3828473751434,6.147,107.26440535424
"849",0.494002711251695,2017,"HND","Honduras","Latin America & Caribbean","Lower middle income",7.77627240326489,55.3877322339915,5.528,101.813111079622
"850",0.489004970628107,2018,"HND","Honduras","Latin America & Caribbean","Lower middle income",7.79570210539868,55.8852577716247,5.648,103.551162215452
"851",0.499000451875282,2014,"HND","Honduras","Latin America & Caribbean","Lower middle income",7.70941946329065,53.8768089124249,7.078,112.97509728471
"852",0.5,2013,"HND","Honduras","Latin America & Caribbean","Lower middle income",7.69866475195064,53.356379133253,5.646,116.306049247436
"853",0.533984636240398,2012,"HND","Honduras","Latin America & Caribbean","Lower middle income",7.69092312366385,52.6641557109031,3.755,121.188215808285
"854",0.303089019430637,2016,"HUN","Hungary","Europe & Central Asia","High income",9.48384663995505,70.4733810424805,5.115,163.97194450015
"855",0.304088567555355,2015,"HUN","Hungary","Europe & Central Asia","High income",9.45586684681969,70.4847717285156,6.813,167.290738494524
"856",0.292093990058744,2011,"HUN","Hungary","Europe & Central Asia","High income",9.35325888363408,69.4779934082031,11.029,166.754347209897
"857",0.308086760054225,2012,"HUN","Hungary","Europe & Central Asia","High income",9.34493789487153,69.5772326660156,11.003,166.17569860957
"858",0.264106642566652,1998,"HUN","Hungary","Europe & Central Asia","High income",9.02375222965136,63.6080202030422,8.925,107.319335097669
"859",0.270103931314957,2009,"HUN","Hungary","Europe & Central Asia","High income",9.31855653994216,68.4592590332031,10.03,145.30587733019
"860",0.294093086308179,2010,"HUN","Hungary","Europe & Central Asia","High income",9.33143956236283,69.5305480957031,11.172,157.838960085896
"861",0.296092182557614,1991,"HUN","Hungary","Europe & Central Asia","High income",8.93835319385001,61.3232927441337,8.5,58.2052641583218
"862",0.309086308178943,2014,"HUN","Hungary","Europe & Central Asia","High income",9.4163278310676,70.3071053512008,7.725,168.358355086413
"863",0.315083596927248,2013,"HUN","Hungary","Europe & Central Asia","High income",9.36986846015089,69.9277636266638,10.177,164.476024791467
"864",0.333075463172164,1994,"HUN","Hungary","Europe & Central Asia","High income",8.93340053091059,62.2993731534369,10.847,56.3059945915153
"865",0.30208947130592,1999,"HUN","Hungary","Europe & Central Asia","High income",9.056978804837,63.9345437336226,6.929,113.869532830977
"866",0.272103027564392,2000,"HUN","Hungary","Europe & Central Asia","High income",9.10272573837225,64.2602344392211,6.563,137.26231309347
"867",0.309086308178943,2003,"HUN","Hungary","Europe & Central Asia","High income",9.23539622792853,64.8452987670898,5.79,116.787088540862
"868",0.275101671938545,2008,"HUN","Hungary","Europe & Central Asia","High income",9.38678812728874,68.0976986078883,7.817,158.453224115619
"869",0.279099864437415,2007,"HUN","Hungary","Europe & Central Asia","High income",9.37515180422375,67.0041656494141,7.406,155.60143236807
"870",0.279099864437415,1993,"HUN","Hungary","Europe & Central Asia","High income",8.90298609185647,61.9730169898483,12.098,53.4135360713045
"871",0.299090826931767,2004,"HUN","Hungary","Europe & Central Asia","High income",9.28604953717117,65.0225372314453,5.832,123.615686104174
"872",0.347069136918211,2005,"HUN","Hungary","Europe & Central Asia","High income",9.33014221671549,66.1261367797852,7.189,128.004810647538
"873",0.30608766380479,2017,"HUN","Hungary","Europe & Central Asia","High income",9.52764757556922,70.4542541503906,4.156,165.032855840268
"874",0.269104383190239,2001,"HUN","Hungary","Europe & Central Asia","High income",9.14483647108204,64.646880283041,5.671,130.903714236387
"875",0.283098056936286,2006,"HUN","Hungary","Europe & Central Asia","High income",9.37028462002785,67.0155868530273,7.494,149.231531568461
"876",0.268104835065522,2002,"HUN","Hungary","Europe & Central Asia","High income",9.19390003223576,65.0400009155273,5.608,118.269335242555
"877",0.318082241301401,2008,"ISL","Iceland","Europe & Central Asia","High income",10.9216272867431,93.0646442174216,2.946,81.9027481853952
"878",0.268104835065522,2019,"ISL","Iceland","Europe & Central Asia","High income",10.9528893809806,93.9770847416131,3.507,83.7923659518443
"879",0.272103027564392,2016,"ISL","Iceland","Europe & Central Asia","High income",10.9339868122711,93.7822647094726,2.978,87.7600165983392
"880",0.30208947130592,2006,"ISL","Iceland","Europe & Central Asia","High income",10.8648688223261,92.1949009038813,2.83,76.6308537686708
"881",0.295092634432897,2007,"ISL","Iceland","Europe & Central Asia","High income",10.9233697187177,92.3614571703229,2.251,73.6249668831341
"882",0.261107998192499,2017,"ISL","Iceland","Europe & Central Asia","High income",10.9447881219999,93.7718982310092,2.742,86.3585336945067
"883",0.266105738816087,2018,"ISL","Iceland","Europe & Central Asia","High income",10.963560869509,93.8526667025487,2.704,88.934996973139
"884",0.268104835065522,2011,"ISL","Iceland","Europe & Central Asia","High income",10.8209541977585,93.41106112427,7.028,100.133252648313
"885",0.287096249435156,2009,"ISL","Iceland","Europe & Central Asia","High income",10.831332963655,93.4441340553707,7.22,89.00144405735
"886",0.278100316312698,2014,"ISL","Iceland","Europe & Central Asia","High income",10.8609696659041,93.6196716315805,4.897,95.2879194201667
"887",0.268104835065522,2015,"ISL","Iceland","Europe & Central Asia","High income",10.8875434021307,93.727919768566,3.979,94.8888027460231
"888",0.262107546317216,2010,"ISL","Iceland","Europe & Central Asia","High income",10.8103032670201,93.4588348107886,7.564,92.4901528110187
"889",0.280099412562133,2004,"ISL","Iceland","Europe & Central Asia","High income",10.7810730402552,92.4377293375354,4.031,69.7326204452496
"890",0.290094893809309,2005,"ISL","Iceland","Europe & Central Asia","High income",10.8331769426553,92.377441015064,2.547,71.2106793861355
"891",0.268104835065522,2003,"ISL","Iceland","Europe & Central Asia","High income",10.7163918766446,92.3235559316863,3.997,67.4009987460124
"892",0.254111161319476,2013,"ISL","Iceland","Europe & Central Asia","High income",10.8531373836079,93.6166725158692,5.376,97.6980221861272
"893",0.268104835065522,2012,"ISL","Iceland","Europe & Central Asia","High income",10.8272584716987,93.514892578125,6,102.433137099998
"894",0.288095797559873,2011,"IND","India","South Asia","Lower middle income",7.15587280314459,31.2746502853309,7.616,55.6238800135298
"895",0.261107998192499,1993,"IND","India","South Asia","Lower middle income",6.33394170435219,26.1767814681192,7.75,19.6515397864684
"896",0.278100316312698,2009,"IND","India","South Asia","Lower middle income",7.05194361280045,30.5185314023263,7.664,46.2728696428837
"897",0.255110709444193,2022,"IND","India","South Asia","Lower middle income",7.64884047252499,34.7555673994206,4.822,50.0752701498882
"898",0.27710076818798,2004,"IND","India","South Asia","Lower middle income",6.79413475942707,28.7726067228528,7.625,37.503814059447
"899",0.382053321283326,2015,"IDN","Indonesia","East Asia & Pacific","Upper middle income",8.09810248419129,53.1720771789551,4.514,41.9376402415294
"900",0.388050610031631,2014,"IDN","Indonesia","East Asia & Pacific","Upper middle income",8.06171429530225,52.5002136230469,4.049,48.0801755855227
"901",0.326078626299141,2008,"IDN","Indonesia","East Asia & Pacific","Upper middle income",7.80978558628937,48.4644736032029,7.208,58.5613996312961
"902",0.389050158156349,2013,"IDN","Indonesia","East Asia & Pacific","Upper middle income",8.02461423345309,51.8307495117188,4.336,48.6373726752893
"903",0.312084952553095,2001,"IDN","Indonesia","East Asia & Pacific","Upper middle income",7.53294033686864,42.9018895186157,6.082,69.7932075256238
"904",0.371058291911432,2012,"IDN","Indonesia","East Asia & Pacific","Upper middle income",7.98293463015465,51.1593933105469,4.468,49.5828982992627
"905",0.293093538183461,2003,"IDN","Indonesia","East Asia & Pacific","Upper middle income",7.596853375587,44.6301761521872,6.657,53.6164937473016
"906",0.303089019430637,2000,"IDN","Indonesia","East Asia & Pacific","Upper middle income",7.51103391000154,41.9861540600656,6.077,71.4368759173731
"907",0.379054676909173,2011,"IDN","Indonesia","East Asia & Pacific","Upper middle income",7.93724064714455,50.4830017089844,5.153,50.1800131841104
"908",0.30208947130592,2002,"IDN","Indonesia","East Asia & Pacific","Upper middle income",7.56339494454081,43.7824069030376,6.604,59.0794617663723
"909",0.332075915047447,2007,"IDN","Indonesia","East Asia & Pacific","Upper middle income",7.76436091157675,47.7432993585496,8.06,54.8292499782075
"910",0.334075011296882,2009,"IDN","Indonesia","East Asia & Pacific","Upper middle income",7.84236506646977,49.16775798133,6.106,45.5121213687054
"911",0.315083596927248,2006,"IDN","Indonesia","East Asia & Pacific","Upper middle income",7.71605101583433,47.0017588692457,7.551,56.6571268148867
"912",0.309086308178943,1998,"IDN","Indonesia","East Asia & Pacific","Upper middle income",7.48448127483561,39.9075139498987,5.459,96.1861923602686
"913",0.355065521915951,2022,"IDN","Indonesia","East Asia & Pacific","Upper middle income",8.30025838908929,57.4934704226599,3.462,45.4646701959453
"914",0.346069588793493,2010,"IDN","Indonesia","East Asia & Pacific","Upper middle income",7.89013816569051,49.8521375148888,5.614,46.7012738758737
"915",0.369059195661997,2016,"IDN","Indonesia","East Asia & Pacific","Upper middle income",8.13646266137195,53.812557220459,4.301,37.4213418023318
"916",0.308086760054225,1999,"IDN","Indonesia","East Asia & Pacific","Upper middle income",7.47732969606589,40.9953940804992,6.358,62.9439128601924
"917",0.349068233167646,2024,"IDN","Indonesia","East Asia & Pacific","Upper middle income",8.38202907604491,58.7509635387997,3.3,42.572647301834
"918",0.353066425666516,2020,"IDN","Indonesia","East Asia & Pacific","Upper middle income",8.22669357090294,56.2785287648768,4.255,32.9721754002427
"919",0.342071396294623,1996,"IDN","Indonesia","East Asia & Pacific","Upper middle income",7.61134350231561,37.5368685140699,4.861,52.264743657148
"920",0.363061906913692,2018,"IDN","Indonesia","East Asia & Pacific","Upper middle income",8.21644521178391,55.0956840515137,4.387,43.0743089552002
"921",0.361062810664257,2023,"IDN","Indonesia","East Asia & Pacific","Upper middle income",8.34108867167309,58.1179353397878,3.308,41.3362868707652
"922",0.299090826931767,2005,"IDN","Indonesia","East Asia & Pacific","Upper middle income",7.67575377751359,46.2373757571669,7.945,63.9879358688635
"923",0.355065521915951,2021,"IDN","Indonesia","East Asia & Pacific","Upper middle income",8.25600731323897,56.8761702464027,3.827,40.2047582749671
"924",0.364061455038409,2017,"IDN","Indonesia","East Asia & Pacific","Upper middle income",8.17569393842903,54.4541015625,3.783,39.3554970704606
"925",0.354065973791234,2019,"IDN","Indonesia","East Asia & Pacific","Upper middle income",8.25606300168653,55.7382049560547,3.59,37.6277775357108
"926",0.318082241301401,1993,"IDN","Indonesia","East Asia & Pacific","Upper middle income",7.43432083317318,33.8555422228307,2.782,50.5233858882307
"927",0.304088567555355,2004,"IDN","Indonesia","East Asia & Pacific","Upper middle income",7.63322742016003,45.4476736441888,7.303,59.761294836691
"928",0.358064166290104,2020,"IRN","Iran, Islamic Rep.","Middle East & North Africa","Upper middle income",8.54341133396383,75.5986404418945,9.687,43.8844674905013
"929",0.348068685042928,2014,"IRN","Iran, Islamic Rep.","Middle East & North Africa","Upper middle income",8.53566222340306,72.8324070385223,10.68,45.3514201413161
"930",0.365061003163127,2019,"IRN","Iran, Islamic Rep.","Middle East & North Africa","Upper middle income",8.50763903361994,75.2038879394531,10.74,48.5917712137038
"931",0.340072300045188,2013,"IRN","Iran, Islamic Rep.","Middle East & North Africa","Upper middle income",8.50044835986876,72.3030873515412,10.595,47.0867179194755
"932",0.367060099412562,2017,"IRN","Iran, Islamic Rep.","Middle East & North Africa","Upper middle income",8.59327233265587,74.4011840820312,12.232,43.1556931383906
"933",0.374056936285585,2018,"IRN","Iran, Islamic Rep.","Middle East & North Africa","Upper middle income",8.54231984709778,74.8034286499023,12.195,56.6153496142829
"934",0.359063714414821,2016,"IRN","Iran, Islamic Rep.","Middle East & North Africa","Upper middle income",8.57783988349113,73.8796100096595,12.618,39.8772417738866
"935",0.421035698147311,2009,"IRN","Iran, Islamic Rep.","Middle East & North Africa","Upper middle income",8.5219604387398,69.99007683587,12.113,43.6995802243585
"936",0.448023497514686,2006,"IRN","Iran, Islamic Rep.","Middle East & North Africa","Upper middle income",8.47194337907823,68.3101850492144,11.519,53.1673587143845
"937",0.347069136918211,2011,"IRN","Iran, Islamic Rep.","Middle East & North Africa","Upper middle income",8.57955911181092,71.204050944517,12.491,41.2194147918578
"938",0.344070492544058,2012,"IRN","Iran, Islamic Rep.","Middle East & North Africa","Upper middle income",8.52885421228734,71.7633634041294,12.275,44.0893466807452
"939",0.441026660641663,1998,"IRN","Iran, Islamic Rep.","Middle East & North Africa","Upper middle income",8.2173212921071,62.9052391052246,10.358,29.2282196463134
"940",0.353066425666516,2015,"IRN","Iran, Islamic Rep.","Middle East & North Africa","Upper middle income",8.50769493653632,73.3561403575949,11.166,39.42258866118
"941",0.436028920018075,2005,"IRN","Iran, Islamic Rep.","Middle East & North Africa","Upper middle income",8.44469957408565,67.8708801269531,11.813,54.4404952635536
"942",0.348068685042928,2022,"IRN","Iran, Islamic Rep.","Middle East & North Africa","Upper middle income",8.60617694248556,76.3342208862305,9.085,48.9183508223052
"943",0.359063714414821,2023,"IRN","Iran, Islamic Rep.","Middle East & North Africa","Upper middle income",8.64608653849448,76.6759567260742,9.041,49.3935500960203
"944",0.355065521915951,2021,"IRN","Iran, Islamic Rep.","Middle East & North Africa","Upper middle income",8.57557958690603,75.9926376342773,9.282,42.672379536261
"945",0.43003163126977,1994,"IRN","Iran, Islamic Rep.","Middle East & North Africa","Upper middle income",8.14562490992902,59.553092956543,10.448,41.6091363981328
"946",0.298091278807049,2023,"IRQ","Iraq","Middle East & North Africa","Upper middle income",8.37495821585938,69.868278503418,15.447,69.4613207990167
"947",0.286096701310438,2006,"IRQ","Iraq","Middle East & North Africa","Upper middle income",8.15248246027419,68.5590667282222,8.42,89.6505198581778
"948",0.295092634432897,2012,"IRQ","Iraq","Middle East & North Africa","Upper middle income",8.38660710069138,69.2222213745117,7.965,73.6086845912812
"949",0.31408404880253,2017,"IRL","Ireland","Europe & Central Asia","High income",11.1526529446985,62.9035196521232,6.713,233.304083346711
"950",0.370058743786715,1995,"IRL","Ireland","Europe & Central Asia","High income",10.2627976382068,57.9391944274763,11.97,136.103124359691
"951",0.328077722548577,2016,"IRL","Ireland","Europe & Central Asia","High income",11.0698516282899,62.7229399123734,8.374,239.708527798768
"952",0.369059195661997,1994,"IRL","Ireland","Europe & Central Asia","High income",10.1759433859871,57.6989865369237,14.544,126.488901394528
"953",0.338073203795752,2005,"IRL","Ireland","Europe & Central Asia","High income",10.8306630769928,60.4882988006461,4.237,148.175564253129
"954",0.323079981924989,2002,"IRL","Ireland","Europe & Central Asia","High income",10.7358419172493,59.6367259990731,4.216,163.719329359615
"955",0.329077270673294,2003,"IRL","Ireland","Europe & Central Asia","High income",10.7492455570985,59.9120142632573,4.478,146.531474021275
"956",0.336074107546317,2004,"IRL","Ireland","Europe & Central Asia","High income",10.7966391037237,60.1994750854288,4.491,146.587496370071
"957",0.327078174423859,2006,"IRL","Ireland","Europe & Central Asia","High income",10.8523774984671,60.7703677431593,4.355,150.021785809265
"958",0.356065070040669,1996,"IRL","Ireland","Europe & Central Asia","High income",10.3260851882785,58.1743161677665,11.692,138.868118491507
"959",0.303089019430637,2019,"IRL","Ireland","Europe & Central Asia","High income",11.2448582355784,63.2737009154127,4.95,257.652772910421
"960",0.319081789426118,2007,"IRL","Ireland","Europe & Central Asia","High income",10.8752072172599,61.0601979374234,4.98,153.396847068025
"961",0.330076818798012,2000,"IRL","Ireland","Europe & Central Asia","High income",10.6595973348153,59.1247997891425,4.318,174.954518071287
"962",0.319081789426118,2014,"IRL","Ireland","Europe & Central Asia","High income",10.85985670882,62.535401730577,11.858,211.181602002085
"963",0.318082241301401,2015,"IRL","Ireland","Europe & Central Asia","High income",11.0705391586793,62.6392123492764,9.908,223.702938290642
"964",0.290094893809309,2023,"IRL","Ireland","Europe & Central Asia","High income",11.446165431357,64.1152082461268,4.288,239.649627585111
"965",0.3350745594216,2013,"IRL","Ireland","Europe & Central Asia","High income",10.7774558866958,62.4047157756118,13.735,199.742586224446
"966",0.309086308178943,2008,"IRL","Ireland","Europe & Central Asia","High income",10.8089429825341,61.3581903884996,6.774,160.039420132474
"967",0.30608766380479,2018,"IRL","Ireland","Europe & Central Asia","High income",11.2122129310864,63.0844503476779,5.741,222.453716000399
"968",0.332075915047447,2012,"IRL","Ireland","Europe & Central Asia","High income",10.7610290628534,62.2529318511038,15.451,190.355682317985
"969",0.299090826931767,2022,"IRL","Ireland","Europe & Central Asia","High income",11.4906137665913,63.8920250215059,4.501,237.755419559378
"970",0.292093990058744,2020,"IRL","Ireland","Europe & Central Asia","High income",11.3013143645173,63.4713366724915,5.623,258.780437026252
"971",0.294093086308179,2021,"IRL","Ireland","Europe & Central Asia","High income",11.4379996592596,63.6774229356985,6.364,231.032350863586
"972",0.323079981924989,2010,"IRL","Ireland","Europe & Central Asia","High income",10.7577251301592,61.8910689348512,14.534,190.08027278672
"973",0.329077270673294,2011,"IRL","Ireland","Europe & Central Asia","High income",10.7693250197094,62.0872735820277,15.354,186.304879179038
"974",0.327078174423859,2009,"IRL","Ireland","Europe & Central Asia","High income",10.7464843069913,61.6421022728798,12.609,173.591474874665
"975",0.396046995029372,2002,"ISR","Israel","Middle East & North Africa","High income",10.2469307085614,91.4444967249569,12.888,65.4711054145982
"976",0.414038861274288,2011,"ISR","Israel","Middle East & North Africa","High income",10.4498928934449,91.7304024673781,7.139,68.9094378497374
"977",0.389050158156349,2001,"ISR","Israel","Middle East & North Africa","High income",10.2684129184261,91.365021842149,11.812,62.139584755155
"978",0.397046543154089,2015,"ISR","Israel","Middle East & North Africa","High income",10.4971763253543,91.7042921554705,5.176,58.897971915566
"979",0.413039313149571,2012,"ISR","Israel","Middle East & North Africa","High income",10.4556084293808,91.7276502819515,6.762,69.9650250827043
"980",0.399045639403525,2013,"ISR","Israel","Middle East & North Africa","High income",10.4769924009723,91.7227831465406,6.137,64.1340511293501
"981",0.381053773158608,1997,"ISR","Israel","Middle East & North Africa","High income",10.2088912651497,91.0183078868813,9.751,57.5674452599649
"982",0.416037957523724,2008,"ISR","Israel","Middle East & North Africa","High income",10.390656797263,91.7292868898136,7.704,75.380922305658
"983",0.398046091278807,2014,"ISR","Israel","Middle East & North Africa","High income",10.4948598538699,91.7151980935716,5.789,61.7133541160002
"984",0.426033438770899,2010,"ISR","Israel","Middle East & North Africa","High income",10.4146547578388,91.7316426703946,8.48,65.6330798689153
"985",0.378055128784455,2020,"ISR","Israel","Middle East & North Africa","High income",10.5436437687904,91.5788453228939,4.169,51.2366737920366
"986",0.415038409399006,2004,"ISR","Israel","Middle East & North Africa","High income",10.2710170378116,91.5829008110251,13.029,74.9731995265147
"987",0.379054676909173,2021,"ISR","Israel","Middle East & North Africa","High income",10.6165591417083,91.5353517549466,4.812,54.9016842006986
"988",0.426033438770899,2009,"ISR","Israel","Middle East & North Africa","High income",10.3790560671296,91.7319738585748,9.534,61.67564796397
"989",0.411040216900136,2007,"ISR","Israel","Middle East & North Africa","High income",10.3767098356554,91.713639843393,9.379,78.8371062996628
"990",0.383052869408043,2019,"ISR","Israel","Middle East & North Africa","High income",10.581703860504,91.6154002002652,3.731,56.325348642584
"991",0.355065521915951,1992,"ISR","Israel","Middle East & North Africa","High income",10.0710246232932,90.6099902925991,14.08,54.9072515488719
"992",0.407042024401265,2003,"ISR","Israel","Middle East & North Africa","High income",10.2432621028392,91.5176897789793,13.505,66.8817503698504
"993",0.386051513782196,2018,"ISR","Israel","Middle East & North Africa","High income",10.5643605445731,91.6456193546346,3.917,58.7437542387448
"994",0.423034794396746,2005,"ISR","Israel","Middle East & North Africa","High income",10.2963305789771,91.6384296279033,11.342,78.3242613769325
"995",0.416037957523724,2006,"ISR","Israel","Middle East & North Africa","High income",10.3331561124292,91.6825760364229,10.707,78.4352889718463
"996",0.390049706281066,2016,"ISR","Israel","Middle East & North Africa","High income",10.5212047927034,91.6894623646632,4.723,57.7990316850783
"997",0.382053321283326,2017,"ISR","Israel","Middle East & North Africa","High income",10.5443685740257,91.6701057535759,4.14,56.2801142540924
"998",0.338073203795752,2008,"ITA","Italy","Europe & Central Asia","High income",10.4208110417743,67.9071958431441,6.723,54.2142548956671
"999",0.347069136918211,2010,"ITA","Italy","Europe & Central Asia","High income",10.3712560094602,68.2163741829857,8.363,51.6621118138339
"1000",0.352066877541798,2012,"ITA","Italy","Europe & Central Asia","High income",10.3402386030362,68.7608794235259,10.655,54.8844952702204
"1001",0.351067329417081,1993,"ITA","Italy","Europe & Central Asia","High income",10.2395108632955,66.7268353013949,10.212,37.6724019624473
"1002",0.351067329417081,2011,"ITA","Italy","Europe & Central Asia","High income",10.3747248969869,68.4015073889511,8.359,54.4722149449288
"1003",0.329077270673294,2007,"ITA","Italy","Europe & Central Asia","High income",10.4388080402998,67.7857771296669,6.076,54.8280415572531
"1004",0.338073203795752,2009,"ITA","Italy","Europe & Central Asia","High income",10.3605029436591,68.0494239486665,7.749,45.1414765721604
"1005",0.359063714414821,2017,"ITA","Italy","Europe & Central Asia","High income",10.36203590653,69.5180784259382,11.211,57.5829940274911
"1006",0.352066877541798,1995,"ITA","Italy","Europe & Central Asia","High income",10.2890329390387,66.8166099473719,11.661,45.5795026636995
"1007",0.348068685042928,2021,"ITA","Italy","Europe & Central Asia","High income",10.3818222910485,69.4812507629394,9.497,60.3019776202798
"1008",0.31008585630366,1991,"ITA","Italy","Europe & Central Asia","High income",10.2410579496764,66.7007288477386,10.097,33.8005339555877
"1009",0.346069588793493,2019,"ITA","Italy","Europe & Central Asia","High income",10.3791139102547,69.5050010681153,9.951,58.6941902594738
"1010",0.349068233167646,2003,"ITA","Italy","Europe & Central Asia","High income",10.4075957603826,67.4299414611787,8.869,45.9940859777074
"1011",0.34307094441934,2004,"ITA","Italy","Europe & Central Asia","High income",10.4147823007074,67.5072499739908,7.866,47.2663923891771
"1012",0.338073203795752,2005,"ITA","Italy","Europe & Central Asia","High income",10.4165409571041,67.5897169318419,7.73,49.1221742288618
"1013",0.352066877541798,2016,"ITA","Italy","Europe & Central Asia","High income",10.3442451320515,69.5969232525286,11.688,54.4321467018313
"1014",0.352066877541798,2018,"ITA","Italy","Europe & Central Asia","High income",10.3678313571179,69.4800033569336,10.61,59.2749835128154
"1015",0.352066877541798,2020,"ITA","Italy","Europe & Central Asia","High income",10.2911212526295,69.5187492370606,9.164,53.9394839042764
"1016",0.352066877541798,2000,"ITA","Italy","Europe & Central Asia","High income",10.3923640713327,67.1932283786243,10.834,50.2747311455639
"1017",0.354065973791234,2015,"ITA","Italy","Europe & Central Asia","High income",10.3300578044981,69.6100006103516,11.896,55.4356858148221
"1018",0.347069136918211,2002,"ITA","Italy","Europe & Central Asia","High income",10.4123346437429,67.3538786566538,9.211,47.8713186791542
"1019",0.347069136918211,2014,"ITA","Italy","Europe & Central Asia","High income",10.3197286828437,69.5807638614879,12.683,54.4545299332032
"1020",0.337073655671035,2006,"ITA","Italy","Europe & Central Asia","High income",10.4303749732918,67.6812550714834,6.777,52.9235429597012
"1021",0.367060099412562,1998,"ITA","Italy","Europe & Central Asia","High income",10.3382582225852,67.0286199053679,12.117,44.997874273345
"1022",0.34307094441934,2023,"ITA","Italy","Europe & Central Asia","High income",10.4411397681468,69.5381540123301,7.627,65.1071778763174
"1023",0.337073655671035,2022,"ITA","Italy","Europe & Central Asia","High income",10.430930932943,69.4839779766539,8.069,72.0165023032697
"1024",0.349068233167646,2013,"ITA","Italy","Europe & Central Asia","High income",10.319893331311,69.3073989916076,12.149,54.0341846317499
"1025",0.329077270673294,2018,"JPN","Japan","East Asia & Pacific","High income",10.4951148627778,91.6377318609728,2.467,36.609931802107
"1026",0.318082241301401,2016,"JPN","Japan","East Asia & Pacific","High income",10.4699994894859,91.4541254852142,3.132,31.3102468455884
"1027",0.318082241301401,2017,"JPN","Japan","East Asia & Pacific","High income",10.4874327611106,91.5498419685883,2.822,34.4232135721686
"1028",0.313084500677813,2014,"JPN","Japan","East Asia & Pacific","High income",10.445431127156,91.2548945132333,3.589,37.4314345686579
"1029",0.330076818798012,2011,"JPN","Japan","East Asia & Pacific","High income",10.4046001844547,90.8631654434251,4.55,30.1949607286296
"1030",0.325079078174424,2012,"JPN","Japan","East Asia & Pacific","High income",10.4198511614214,91.0265277326652,4.358,30.4709109171752
"1031",0.307087211929507,2015,"JPN","Japan","East Asia & Pacific","High income",10.4619781186279,91.3532644103625,3.385,35.4274083544798
"1032",0.346069588793493,2008,"JPN","Japan","East Asia & Pacific","High income",10.4210199973379,89.2921563808851,4.002,34.1294765412245
"1033",0.315083596927248,2010,"JPN","Japan","East Asia & Pacific","High income",10.4025098526928,90.6228586840649,5.102,28.4984726938389
"1034",0.330076818798012,2009,"JPN","Japan","East Asia & Pacific","High income",10.3625276694491,90.1131158718189,5.068,24.3901665338555
"1035",0.315083596927248,2013,"JPN","Japan","East Asia & Pacific","High income",10.4411465080349,91.1516595654317,4.038,33.9787686509511
"1036",0.323079981924989,2020,"JPN","Japan","East Asia & Pacific","High income",10.452850152135,91.7809926267889,2.809,31.335208636773
"1037",0.330076818798012,2019,"JPN","Japan","East Asia & Pacific","High income",10.4924897117965,91.7164207898107,2.351,35.2164181084145
"1038",0.337073655671035,2010,"JOR","Jordan","Middle East & North Africa","Lower middle income",8.4384906804506,82.2601083887084,12.5,114.222677694125
"1039",0.431031179394487,1992,"JOR","Jordan","Middle East & North Africa","Lower middle income",8.09096748356382,77.2093821104241,19.945,131.644698648349
"1040",0.33907275192047,2006,"JOR","Jordan","Middle East & North Africa","Lower middle income",8.34518672432351,78.755612573541,14,141.747381831126
"1041",0.326078626299141,2008,"JOR","Jordan","Middle East & North Africa","Lower middle income",8.40959805983477,80.1290966207551,12.7,140.91292596092
"1042",0.370058743786715,2002,"JOR","Jordan","Middle East & North Africa","Lower middle income",8.20100857917104,78.2972918926847,15.3,114.03885781572
"1043",0.364061455038409,1997,"JOR","Jordan","Middle East & North Africa","Lower middle income",8.09581146284309,78.2689390880147,13.739,120.737112880307
"1044",0.327078174423859,1993,"KAZ","Kazakhstan","Europe & Central Asia","Upper middle income",8.34833141258714,56.9840568701253,1.11,84.634521855277
"1045",0.268104835065522,2015,"KAZ","Kazakhstan","Europe & Central Asia","Upper middle income",9.22976279225756,56.1106048930882,4.93,53.0497288072652
"1046",0.360063262539539,2001,"KAZ","Kazakhstan","Europe & Central Asia","Upper middle income",8.48105368110787,55.7813717131331,10.43,92.8490685069707
"1047",0.348068685042928,2002,"KAZ","Kazakhstan","Europe & Central Asia","Upper middle income",8.56934892987696,55.5045911261585,9.33,94.03168564978
"1048",0.318082241301401,2004,"KAZ","Kazakhstan","Europe & Central Asia","Upper middle income",8.73766026716036,54.9200902244233,8.4,96.4091997009336
"1049",0.337073655671035,2003,"KAZ","Kazakhstan","Europe & Central Asia","Upper middle income",8.65249860821304,55.2115277236592,8.78,91.4633324250457
"1050",0.287096249435156,2020,"KAZ","Kazakhstan","Europe & Central Asia","Upper middle income",9.2653053357825,59.9871193541692,4.89,57.0264423660931
"1051",0.282098508811568,2012,"KAZ","Kazakhstan","Europe & Central Asia","Upper middle income",9.16240089736567,54.69208192838,5.29,73.7237324891671
"1052",0.275101671938545,2017,"KAZ","Kazakhstan","Europe & Central Asia","Upper middle income",9.24997175700681,57.4586448748837,4.9,56.825387935971
"1053",0.271103479439675,2013,"KAZ","Kazakhstan","Europe & Central Asia","Upper middle income",9.20630482703776,55.0779764821252,5.2,65.4076093299538
"1054",0.280099412562133,2011,"KAZ","Kazakhstan","Europe & Central Asia","Upper middle income",9.12948840141449,54.3996086425518,5.39,73.1178570509129
"1055",0.272103027564392,2016,"KAZ","Kazakhstan","Europe & Central Asia","Upper middle income",9.22536920255045,56.7476265001667,4.96,60.3115965864153
"1056",0.292093990058744,2021,"KAZ","Kazakhstan","Europe & Central Asia","Upper middle income",9.29407393950308,61.030254280267,5.546,58.6686085779207
"1057",0.278100316312698,2018,"KAZ","Kazakhstan","Europe & Central Asia","Upper middle income",9.27521121427907,58.2388038921695,4.85,63.5279565118188
"1058",0.270103931314957,2014,"KAZ","Kazakhstan","Europe & Central Asia","Upper middle income",9.23275820936943,55.5524361787178,5.06,64.9720346513507
"1059",0.282098508811568,2009,"KAZ","Kazakhstan","Europe & Central Asia","Upper middle income",9.01413071550183,54.1167144748885,6.55,75.7660674636533
"1060",0.354065973791234,1996,"KAZ","Kazakhstan","Europe & Central Asia","Upper middle income",8.18405872183327,56.6232468416365,12.96,71.2735732877076
"1061",0.301089923181202,2007,"KAZ","Kazakhstan","Europe & Central Asia","Upper middle income",8.99179572921663,54.2346203341799,7.26,92.1616330969975
"1062",0.398046091278807,2005,"KAZ","Kazakhstan","Europe & Central Asia","Upper middle income",8.82282493356855,54.6481873472392,8.13,97.7625030243024
"1063",0.30208947130592,2006,"KAZ","Kazakhstan","Europe & Central Asia","Upper middle income",8.91602258117973,54.4137278108953,7.79,91.4535267973373
"1064",0.280099412562133,2010,"KAZ","Kazakhstan","Europe & Central Asia","Upper middle income",9.07161914167954,54.2054127497102,5.77,74.1382658957842
"1065",0.285097153185721,2008,"KAZ","Kazakhstan","Europe & Central Asia","Upper middle income",9.01390226175028,54.1287736358813,6.63,94.2948046483658
"1066",0.280099412562133,2019,"KAZ","Kazakhstan","Europe & Central Asia","Upper middle income",9.30471230010902,59.0832474269546,4.8,64.8586165517565
"1067",0.568968820605513,1992,"KEN","Kenya","Sub-Saharan Africa","Lower middle income",7.13563854505995,18.3803510644475,2.903,52.9308701038286
"1068",0.431031179394487,1994,"KEN","Kenya","Sub-Saharan Africa","Lower middle income",7.10642916414258,18.5149411548647,2.962,71.2661252293107
"1069",0.377055580659738,2022,"KEN","Kenya","Sub-Saharan Africa","Lower middle income",7.46595977897292,31.4307820066946,5.707,40.2753238373561
"1070",0.408041572525983,2015,"KEN","Kenya","Sub-Saharan Africa","Lower middle income",7.30594035032672,31.7338026039958,2.762,40.3273846919019
"1071",0.464016267510167,2005,"KEN","Kenya","Sub-Saharan Africa","Lower middle income",7.10942787805136,27.2686745625048,2.745,64.4788661639796
"1072",0.450022593764121,1997,"KEN","Kenya","Sub-Saharan Africa","Lower middle income",7.11167150112929,18.7575952945971,2.827,54.0571168602893
"1073",0.362062358788974,2020,"KEN","Kenya","Sub-Saharan Africa","Lower middle income",7.38357579527836,31.2063494632616,5.619,30.3991387830411
"1074",0.387051061906914,2021,"KEN","Kenya","Sub-Saharan Africa","Lower middle income",7.43773377942234,31.2879334021971,5.693,35.0020477795269
"1075",0.317082693176683,2006,"KOR","Korea, Rep.","East Asia & Pacific","High income",10.0502763145872,81.566462110512,3.254,68.3749509402263
"1076",0.323079981924989,2008,"KOR","Korea, Rep.","East Asia & Pacific","High income",10.124009255278,81.8350833138518,2.959,92.0833544961819
"1077",0.320081337550836,2010,"KOR","Korea, Rep.","East Asia & Pacific","High income",10.1895326125248,81.9685075986486,3.324,88.0278677123124
"1078",0.327078174423859,2020,"KOR","Korea, Rep.","East Asia & Pacific","High income",10.4107848558782,81.1759595622913,3.931,65.544957860621
"1079",0.332075915047447,2019,"KOR","Korea, Rep.","East Asia & Pacific","High income",10.4191906037378,81.2901063535619,3.746,71.4470632403511
"1080",0.349068233167646,2017,"KOR","Korea, Rep.","East Asia & Pacific","High income",10.3728629448025,81.471030429984,3.653,73.1921408264016
"1081",0.316083145051966,2012,"KOR","Korea, Rep.","East Asia & Pacific","High income",10.2379598054871,81.9087898200378,2.812,101.51727207905
"1082",0.329077270673294,2021,"KOR","Korea, Rep.","East Asia & Pacific","High income",10.4571697636121,81.1616526507785,3.639,75.3063047610912
"1083",0.337073655671035,2018,"KOR","Korea, Rep.","East Asia & Pacific","High income",10.3997949576079,81.3823523035196,3.824,74.7075162140824
"1084",0.352066877541798,2016,"KOR","Korea, Rep.","East Asia & Pacific","High income",10.3419168968899,81.5559241797057,3.65,69.8997221316919
"1085",0.312084952553095,2014,"KOR","Korea, Rep.","East Asia & Pacific","High income",10.2911509224054,81.7315682816954,3.082,86.9342577972039
"1086",0.290094893809309,2020,"KGZ","Kyrgyz Republic","Europe & Central Asia","Lower middle income",6.99698205106723,34.8174315392111,4.63,78.9922784304738
"1087",0.272103027564392,2023,"KGZ","Kyrgyz Republic","Europe & Central Asia","Lower middle income",7.16877806316109,34.706439175362,3.991,132.373403912336
"1088",0.301089923181202,2010,"KGZ","Kyrgyz Republic","Europe & Central Asia","Lower middle income",6.86980913464269,35.267768240398,2.887,133.232850492333
"1089",0.264106642566652,2022,"KGZ","Kyrgyz Republic","Europe & Central Asia","Lower middle income",7.10017412548183,34.7003053497743,4.043,133.786718048766
"1090",0.297091730682332,2019,"KGZ","Kyrgyz Republic","Europe & Central Asia","Lower middle income",7.09163979230396,34.8805205758044,4.295,94.4302823542939
"1091",0.33907275192047,2007,"KGZ","Kyrgyz Republic","Europe & Central Asia","Lower middle income",6.80242583494968,35.2954926466692,2.577,137.058387838563
"1092",0.288095797559873,2021,"KGZ","Kyrgyz Republic","Europe & Central Asia","Lower middle income",7.03223113709961,34.7521210171204,4.096,100.261376861569
"1093",0.299090826931767,2009,"KGZ","Kyrgyz Republic","Europe & Central Asia","Lower middle income",6.88879761736073,35.2815523593591,2.744,133.379153167955
"1094",0.46301671938545,1998,"KGZ","Kyrgyz Republic","Europe & Central Asia","Lower middle income",6.51479898070142,35.377704663362,1.632,94.5092945286033
"1095",0.278100316312698,2011,"KGZ","Kyrgyz Republic","Europe & Central Asia","Lower middle income",6.91322347926819,35.2466507961984,2.999,136.179840420492
"1096",0.290094893809309,2015,"KGZ","Kyrgyz Republic","Europe & Central Asia","Lower middle income",7.00819042951727,35.1008937681291,3.338,110.961570714633
"1097",0.274102123813827,2012,"KGZ","Kyrgyz Republic","Europe & Central Asia","Lower middle income",6.89350146085996,35.218916221918,3.114,139.675937840309
"1098",0.326078626299141,2005,"KGZ","Kyrgyz Republic","Europe & Central Asia","Lower middle income",6.7101692337369,35.3030968124082,2.362,95.0840046303638
"1099",0.374056936285585,2006,"KGZ","Kyrgyz Republic","Europe & Central Asia","Lower middle income",6.72998896328262,35.2997926803498,2.48,120.749981766273
"1100",0.268104835065522,2016,"KGZ","Kyrgyz Republic","Europe & Central Asia","Lower middle income",7.02848167760984,35.0515747230627,3.474,105.823574017406
"1101",0.27710076818798,2018,"KGZ","Kyrgyz Republic","Europe & Central Asia","Lower middle income",7.06908408675941,34.9408997219466,3.67,98.8755599017608
"1102",0.315083596927248,2008,"KGZ","Kyrgyz Republic","Europe & Central Asia","Lower middle income",6.87358814499241,35.2897130588983,2.642,146.106082230139
"1103",0.287096249435156,2003,"KGZ","Kyrgyz Republic","Europe & Central Asia","Lower middle income",6.66740258994766,35.3086519815317,2.162,83.9327828079655
"1104",0.31008585630366,2000,"KGZ","Kyrgyz Republic","Europe & Central Asia","Lower middle income",6.57694693753775,35.3216067847574,1.858,89.4309316270309
"1105",0.288095797559873,2013,"KGZ","Kyrgyz Republic","Europe & Central Asia","Lower middle income",6.97521207941045,35.1850529225105,3.153,134.026785643922
"1106",0.348068685042928,2004,"KGZ","Kyrgyz Republic","Europe & Central Asia","Lower middle income",6.72320977578487,35.3058886953128,2.259,93.8157321567302
"1107",0.27310257568911,2017,"KGZ","Kyrgyz Republic","Europe & Central Asia","Lower middle income",7.05374367287057,34.9980805726839,3.57,100.617445813258
"1108",0.268104835065522,2014,"KGZ","Kyrgyz Republic","Europe & Central Asia","Lower middle income",6.9926313415803,35.1455493029297,3.262,125.126181075833
"1109",0.303089019430637,2002,"KGZ","Kyrgyz Republic","Europe & Central Asia","Lower middle income",6.60994610155957,35.3118703235333,2.065,82.9207290212667
"1110",0.30208947130592,2001,"KGZ","Kyrgyz Republic","Europe & Central Asia","Lower middle income",6.61930461732342,35.3160273737858,1.95,73.7469123687968
"1111",0.349068233167646,1997,"LAO","Lao PDR","East Asia & Pacific","Lower middle income",6.70833539697658,18.8482710950308,2.352,65.1569707659458
"1112",0.326078626299141,2002,"LAO","Lao PDR","East Asia & Pacific","Lower middle income",6.90223229732222,24.5247834668291,1.775,67.2549028523532
"1113",0.360063262539539,2012,"LAO","Lao PDR","East Asia & Pacific","Lower middle income",7.48135052708047,31.7422801040872,1.399,98.1851264313662
"1114",0.34307094441934,1992,"LAO","Lao PDR","East Asia & Pacific","Lower middle income",6.49319977103453,15.9255067602307,2.717,44.1307586141721
"1115",0.354065973791234,2007,"LAO","Lao PDR","East Asia & Pacific","Lower middle income",7.17095456049402,28.7343050001346,1.067,79.2126289035269
"1116",0.345070040668775,2019,"LVA","Latvia","Europe & Central Asia","High income",9.63746168213062,68.066323694246,6.312,125.29163170793
"1117",0.337073655671035,2022,"LVA","Latvia","Europe & Central Asia","High income",9.70633911029291,68.2570218109034,6.815,159.892778190649
"1118",0.340072300045188,2023,"LVA","Latvia","Europe & Central Asia","High income",9.69457873323516,68.3586316343061,6.465,135.642989154266
"1119",0.390049706281066,2005,"LVA","Latvia","Europe & Central Asia","High income",9.22091057163862,67.8953910570353,10.033,104.517156602918
"1120",0.375056484410303,2007,"LVA","Latvia","Europe & Central Asia","High income",9.45798459162683,67.8558853865191,6.052,100.880910871828
"1121",0.364061455038409,2004,"LVA","Latvia","Europe & Central Asia","High income",9.10021674575732,67.9206702831277,11.708,97.2352655771748
"1122",0.358064166290104,2011,"LVA","Latvia","Europe & Central Asia","High income",9.30733234061311,67.8266897008267,16.206,129.734758014485
"1123",0.356065070040669,2006,"LVA","Latvia","Europe & Central Asia","High income",9.35075121912064,67.873733661714,7.03,105.695342080455
"1124",0.34307094441934,2016,"LVA","Latvia","Europe & Central Asia","High income",9.53150582262147,67.9307110858472,9.643,123.330518429659
"1125",0.356065070040669,2017,"LVA","Latvia","Europe & Central Asia","High income",9.5737925873313,67.9706866054779,8.715,128.714003328884
"1126",0.351067329417081,2018,"LVA","Latvia","Europe & Central Asia","High income",9.62377826726125,68.0160346376376,7.412,128.234095559822
"1127",0.357064618165386,2020,"LVA","Latvia","Europe & Central Asia","High income",9.60916545529097,68.1211222872228,8.098,123.88319804656
"1128",0.34307094441934,2021,"LVA","Latvia","Europe & Central Asia","High income",9.68471991314065,68.1808791463693,7.513,136.796615414819
"1129",0.351067329417081,2002,"LVA","Latvia","Europe & Central Asia","High income",8.91506009904997,67.9813450702046,13.829,85.9772056778195
"1130",0.365061003163127,2003,"LVA","Latvia","Europe & Central Asia","High income",9.00565072462402,67.9493840506358,12.061,88.5815580418672
"1131",0.37205784003615,2008,"LVA","Latvia","Europe & Central Asia","High income",9.43401934025724,67.8420335208058,7.739,95.7681628438571
"1132",0.352066877541798,2012,"LVA","Latvia","Europe & Central Asia","High income",9.39024323497482,67.8331638942219,15.047,133.211503650958
"1133",0.355065521915951,2013,"LVA","Latvia","Europe & Central Asia","High income",9.42169782842633,67.847334482933,11.867,129.677184929099
"1134",0.351067329417081,2014,"LVA","Latvia","Europe & Central Asia","High income",9.45184843432108,67.8686035364944,10.846,130.042252244959
"1135",0.342071396294623,2015,"LVA","Latvia","Europe & Central Asia","High income",9.49717022995096,67.8965395668259,9.873,126.380014406006
"1136",0.333075463172164,1998,"LVA","Latvia","Europe & Central Asia","High income",8.65172219325576,68.2946532826521,14.454,93.0486575859765
"1137",0.359063714414821,2009,"LVA","Latvia","Europe & Central Asia","High income",9.27569966627117,67.8323653539295,17.515,88.8320494963692
"1138",0.344070492544058,1997,"LVA","Latvia","Europe & Central Asia","High income",8.57884880647993,68.5431100935952,17.569,90.9261555867307
"1139",0.350067781292363,2010,"LVA","Latvia","Europe & Central Asia","High income",9.25921306819703,67.8270681752453,19.482,110.86235386272
"1140",0.316083145051966,1996,"LVA","Latvia","Europe & Central Asia","High income",8.48113154606084,68.8495525824891,20.7,92.5618241635257
"1141",0.31008585630366,1995,"LVA","Latvia","Europe & Central Asia","High income",8.44712868899316,69.1924440610299,19,76.2500012714636
"1142",0.318082241301401,2011,"LBN","Lebanon","Middle East & North Africa","Lower middle income",9.09786575260928,87.8270813653079,7.349,102.139882412503
"1143",0.353066425666516,2022,"LBN","Lebanon","Middle East & North Africa","Lower middle income",8.68423807097632,90.206313713022,11.6,114.888278265666
"1144",0.449023045639404,2017,"LSO","Lesotho","Sub-Saharan Africa","Lower middle income",7.00108319369429,36.5283648068846,16.401,146.366771329494
"1145",0.360063262539539,2020,"LTU","Lithuania","Europe & Central Asia","High income",9.76673126628629,67.4254608154297,8.487,135.796565563519
"1146",0.353066425666516,2019,"LTU","Lithuania","Europe & Central Asia","High income",9.76604703827961,67.245735168457,6.255,148.374996011818
"1147",0.367060099412562,2021,"LTU","Lithuania","Europe & Central Asia","High income",9.82928680740491,68.1912117004395,7.112,154.80672767597
"1148",0.357064618165386,2018,"LTU","Lithuania","Europe & Central Asia","High income",9.71745324063365,67.1464742010457,6.147,147.202132525221
"1149",0.348068685042928,2007,"LTU","Lithuania","Europe & Central Asia","High income",9.38339870086603,66.7184982299805,4.25,116.295810328172
"1150",0.370058743786715,2004,"LTU","Lithuania","Europe & Central Asia","High income",9.08839034022585,66.6022567749023,10.684,104.072070698543
"1151",0.344070492544058,2006,"LTU","Lithuania","Europe & Central Asia","High income",9.2664573959183,66.6381530761719,5.78,124.613633047292
"1152",0.377055580659738,2014,"LTU","Lithuania","Europe & Central Asia","High income",9.52902604697406,67.1514937628023,10.698,143.290115780694
"1153",0.374056936285585,2015,"LTU","Lithuania","Europe & Central Asia","High income",9.56590097441499,67.2282485961914,9.12,138.195575009601
"1154",0.353066425666516,2005,"LTU","Lithuania","Europe & Central Asia","High income",9.17914569179181,66.5784912109375,8.325,117.449691165186
"1155",0.373057388160868,2017,"LTU","Lithuania","Europe & Central Asia","High income",9.66116113904556,67.1012954711914,7.073,144.918393101325
"1156",0.320081337550836,1999,"LTU","Lithuania","Europe & Central Asia","High income",8.72094977443697,67.0382460801258,13.388,74.5847357424933
"1157",0.355065521915951,2003,"LTU","Lithuania","Europe & Central Asia","High income",9.01416651713016,66.7596664428711,12.874,98.0914043206711
"1158",0.320081337550836,2001,"LTU","Lithuania","Europe & Central Asia","High income",8.83266431582105,66.9286097501613,16.84,93.4871373685836
"1159",0.319081789426118,2002,"LTU","Lithuania","Europe & Central Asia","High income",8.90572886471229,66.8887100219727,13.008,100.332229474818
"1160",0.325079078174424,2011,"LTU","Lithuania","Europe & Central Asia","High income",9.37896184627632,66.7518340055756,15.39,149.645306927215
"1161",0.366060551287845,2022,"LTU","Lithuania","Europe & Central Asia","High income",9.84609756646498,68.2866452426813,5.955,175.651612151093
"1162",0.357064618165386,2008,"LTU","Lithuania","Europe & Central Asia","High income",9.41934603126636,66.7527770996094,5.826,126.759707831841
"1163",0.336074107546317,2010,"LTU","Lithuania","Europe & Central Asia","High income",9.29505977471369,66.7712860107422,17.814,131.626507396009
"1164",0.321080885675554,1998,"LTU","Lithuania","Europe & Central Asia","High income",8.72488557895478,67.1089563241809,13.711,89.3653045985264
"1165",0.351067329417081,2012,"LTU","Lithuania","Europe & Central Asia","High income",9.43481251284963,66.8536758422852,13.365,156.638925650513
"1166",0.353066425666516,2013,"LTU","Lithuania","Europe & Central Asia","High income",9.48385812219482,67.0092086791992,11.77,156.626637927418
"1167",0.384052417532761,2016,"LTU","Lithuania","Europe & Central Asia","High income",9.60394253635652,67.1894226074219,7.862,134.690449650877
"1168",0.360063262539539,2023,"LTU","Lithuania","Europe & Central Asia","High income",9.83550590358688,68.575454583199,6.841,149.041909014608
"1169",0.37205784003615,2009,"LTU","Lithuania","Europe & Central Asia","High income",9.26982744391821,66.7816619873047,13.785,105.040251236614
"1170",0.317082693176683,2000,"LTU","Lithuania","Europe & Central Asia","High income",8.76159848605987,66.9768374826555,15.931,83.1914942748116
"1171",0.323079981924989,1996,"LTU","Lithuania","Europe & Central Asia","High income",8.55854629325402,67.2663125852689,16.4,92.813796697758
"1172",0.309086308178943,2001,"LUX","Luxembourg","Europe & Central Asia","High income",11.4536393321112,84.8173254067976,1.805,270.765630443257
"1173",0.301089923181202,2000,"LUX","Luxembourg","Europe & Central Asia","High income",11.4352634556149,84.4182155177842,2.345,272.412326845348
"1174",0.296092182557614,1997,"LUX","Luxembourg","Europe & Central Asia","High income",11.2643750936248,83.0703531966602,2.527,212.088757931917
"1175",0.30608766380479,1998,"LUX","Luxembourg","Europe & Central Asia","High income",11.3165484625336,83.5316200221732,2.763,236.570014987575
"1176",0.300090375056484,1999,"LUX","Luxembourg","Europe & Central Asia","High income",11.3816240308652,83.9860397252884,2.39,239.922499577691
"1177",0.283098056936286,1995,"LUX","Luxembourg","Europe & Central Asia","High income",11.2238570513816,82.1888653313266,2.918,189.544445888796
"1178",0.311085404428378,2002,"LUX","Luxembourg","Europe & Central Asia","High income",11.4749076574195,85.203425653095,2.621,250.689198161424
"1179",0.312084952553095,2009,"LUX","Luxembourg","Europe & Central Asia","High income",11.5576535715632,88.0379076027949,5.194,263.532701541684
"1180",0.305088115680072,2010,"LUX","Luxembourg","Europe & Central Asia","High income",11.5763138627521,88.48791681658,4.423,293.671876906939
"1181",0.321080885675554,2011,"LUX","Luxembourg","Europe & Central Asia","High income",11.5644760919529,88.9562814837254,5.122,308.714453874162
"1182",0.28109896068685,1994,"LUX","Luxembourg","Europe & Central Asia","High income",11.2236840650675,81.799437867949,3.479,185.786247148865
"1183",0.320081337550836,2013,"LUX","Luxembourg","Europe & Central Asia","High income",11.5649385776824,89.9413746679705,6.045,320.533506316768
"1184",0.30208947130592,2003,"LUX","Luxembourg","Europe & Central Asia","High income",11.4886122529126,85.5906295073034,3.675,244.977946060528
"1185",0.34307094441934,2012,"LUX","Luxembourg","Europe & Central Asia","High income",11.5568250642036,89.4405768017292,5.03,311.786835204686
"1186",0.326078626299141,2008,"LUX","Luxembourg","Europe & Central Asia","High income",11.6090970148654,87.6037664162874,5.06,292.21348078343
"1187",0.272103027564392,1991,"LUX","Luxembourg","Europe & Central Asia","High income",11.1673313839963,81.025113008349,1.482,188.663907871345
"1188",0.27310257568911,1992,"LUX","Luxembourg","Europe & Central Asia","High income",11.1720808625274,81.2001998208798,2.029,182.54727407881
"1189",0.290094893809309,1996,"LUX","Luxembourg","Europe & Central Asia","High income",11.2241295376478,82.6176360369709,3.286,195.63690664815
"1190",0.30208947130592,2004,"LUX","Luxembourg","Europe & Central Asia","High income",11.5158468630118,85.9799097226846,5.113,265.226884855637
"1191",0.341071848169905,2022,"LUX","Luxembourg","Europe & Central Asia","High income",11.5849408435151,94.7605400940185,4.588,412.177169924175
"1192",0.336074107546317,2023,"LUX","Luxembourg","Europe & Central Asia","High income",11.5657344918994,94.8015300320787,5.184,402.566968197345
"1193",0.312084952553095,2014,"LUX","Luxembourg","Europe & Central Asia","High income",11.5672615295314,90.4577807676859,6.044,333.42885319668
"1194",0.270103931314957,1993,"LUX","Luxembourg","Europe & Central Asia","High income",11.1998051443327,81.4647504350596,2.33,181.402666783426
"1195",0.308086760054225,2005,"LUX","Luxembourg","Europe & Central Asia","High income",11.5250718416896,86.3735649102561,4.488,284.077476869478
"1196",0.309086308178943,2006,"LUX","Luxembourg","Europe & Central Asia","High income",11.5675479106705,86.7738936810355,4.731,305.879547488526
"1197",0.311085404428378,2007,"LUX","Luxembourg","Europe & Central Asia","High income",11.6299782517438,87.1831946460401,4.065,307.485020085196
"1198",0.354065973791234,2018,"LUX","Luxembourg","Europe & Central Asia","High income",11.5786076638453,92.6709441899184,5.589,361.865445198667
"1199",0.327078174423859,2021,"LUX","Luxembourg","Europe & Central Asia","High income",11.6161423519034,94.5861743396533,5.571,397.506180867971
"1200",0.317082693176683,2016,"LUX","Luxembourg","Europe & Central Asia","High income",11.5931354062931,91.5357090052649,6.669,348.437409376889
"1201",0.345070040668775,2017,"LUX","Luxembourg","Europe & Central Asia","High income",11.5819115187115,92.0963768119916,5.523,353.793991980303
"1202",0.329077270673294,2015,"LUX","Luxembourg","Europe & Central Asia","High income",11.5661060967676,90.9893679353068,6.796,351.13197436149
"1203",0.334075011296882,2020,"LUX","Luxembourg","Europe & Central Asia","High income",11.5643241019886,93.8600689970981,6.766,375.581396376432
"1204",0.342071396294623,2019,"LUX","Luxembourg","Europe & Central Asia","High income",11.5861012571052,93.2589839734767,5.592,382.66078058442
"1205",0.394047898779937,1997,"MDG","Madagascar","Sub-Saharan Africa","Low income",6.11213939604078,24.0990589894502,5.969,36.8737477819441
"1206",0.424034342521464,2010,"MDG","Madagascar","Sub-Saharan Africa","Low income",6.10349136533287,27.8651684949103,4.28,57.8748945101807
"1207",0.386051513782196,1999,"MDG","Madagascar","Sub-Saharan Africa","Low income",6.1313012475508,24.7085650221322,5.823,40.9244120208063
"1208",0.452021690013556,1993,"MDG","Madagascar","Sub-Saharan Africa","Low income",6.16575337215407,22.8521676960516,6.307,32.8658889270584
"1209",0.399045639403525,2005,"MDG","Madagascar","Sub-Saharan Africa","Low income",6.11136806830323,26.4743019495822,2.62,59.1300849357677
"1210",0.36805964753728,2021,"MDG","Madagascar","Sub-Saharan Africa","Low income",6.0674971552487,31.1137123216036,3.487,55.2158585927485
"1211",0.474011748757343,2001,"MDG","Madagascar","Sub-Saharan Africa","Low income",6.17045893950289,25.3079943968146,5.35,41.0351260923859
"1212",0.426033438770899,2012,"MDG","Madagascar","Sub-Saharan Africa","Low income",6.09276018762158,28.3988032871081,0.599,52.6517140811255
"1213",0.385051965657479,2019,"MWI","Malawi","Sub-Saharan Africa","Low income",6.34540168306927,16.1383746619001,4.966,44.1954524635798
"1214",0.464016267510167,2003,"MYS","Malaysia","East Asia & Pacific","Upper middle income",8.8147642801555,65.0750932867555,3.61,194.195129056831
"1215",0.412039765024853,2018,"MYS","Malaysia","East Asia & Pacific","Upper middle income",9.26957061259347,74.5634625145296,3.3,130.402625502126
"1216",0.448023497514686,2006,"MYS","Malaysia","East Asia & Pacific","Upper middle income",8.91862493538554,67.9191992840997,3.32,202.577146840398
"1217",0.411040216900136,2015,"MYS","Malaysia","East Asia & Pacific","Upper middle income",9.17457637603625,73.4387869957006,3.1,131.37007244526
"1218",0.477010393131496,1992,"MYS","Malaysia","East Asia & Pacific","Upper middle income",8.46086363458102,51.8628569177227,3.71,150.611220981935
"1219",0.455020334387709,2008,"MYS","Malaysia","East Asia & Pacific","Upper middle income",8.98420708757912,69.5438130147565,3.32,176.668324785148
"1220",0.439027564392228,2011,"MYS","Malaysia","East Asia & Pacific","Upper middle income",9.03602537538443,71.4245166681964,3.05,154.937684607226
"1221",0.413039313149571,2013,"MYS","Malaysia","East Asia & Pacific","Upper middle income",9.10106188541345,72.4882717118078,3.16,142.720991464873
"1222",0.491004066877542,1997,"MYS","Malaysia","East Asia & Pacific","Upper middle income",8.77656166444885,58.5008138949148,2.45,185.66511116237
"1223",0.407042024401265,2021,"MYS","Malaysia","East Asia & Pacific","Upper middle income",9.24843224747092,75.5088628191907,4.64,134.035994690727
"1224",0.485006778129236,1995,"MYS","Malaysia","East Asia & Pacific","Upper middle income",8.66066166819544,55.9232917327627,3.15,192.113200253514
"1225",0.313084500677813,2016,"MDV","Maldives","South Asia","Upper middle income",9.2012064541878,38.9560872317815,5.771,144.380212278942
"1226",0.293093538183461,2019,"MDV","Maldives","South Asia","Upper middle income",9.32321586307106,40.0492764783282,4.562,137.125230875185
"1227",0.360063262539539,2018,"MLI","Mali","Sub-Saharan Africa","Low income",6.79456230599219,27.6999185916288,1.62,50.6998462523276
"1228",0.357064618165386,2021,"MLI","Mali","Sub-Saharan Africa","Low income",6.77117066936773,29.7049638253978,3.966,56.7150525565465
"1229",0.399045639403525,2001,"MLI","Mali","Sub-Saharan Africa","Low income",6.64243509630998,19.3181950112665,1.338,49.3239069915403
"1230",0.500999548124718,1994,"MLI","Mali","Sub-Saharan Africa","Low income",6.46159474478807,17.412833441504,1.509,44.0605023392665
"1231",0.330076818798012,2009,"MLI","Mali","Sub-Saharan Africa","Low income",6.68896068090649,22.6557955217884,1.423,40.5413815805662
"1232",0.389050158156349,2006,"MLI","Mali","Sub-Saharan Africa","Low income",6.68098080996326,21.2987608960246,1.425,49.0190773449704
"1233",0.280099412562133,2006,"MLT","Malta","Middle East & North Africa","High income",9.82440175815093,93.7986874969541,6.798,182.434055594702
"1234",0.290094893809309,2008,"MLT","Malta","Middle East & North Africa","High income",9.9067054238558,94.0294765354989,5.977,185.749523785473
"1235",0.30208947130592,2009,"MLT","Malta","Middle East & North Africa","High income",9.88511560613824,94.1423744490362,6.889,163.556848449111
"1236",0.290094893809309,2010,"MLT","Malta","Middle East & North Africa","High income",9.94033275149227,94.2412435620154,6.847,178.232955302139
"1237",0.292093990058744,2007,"MLT","Malta","Middle East & North Africa","High income",9.87005099409581,93.9118231189546,6.472,184.831334251527
"1238",0.31008585630366,2019,"MLT","Malta","Middle East & North Africa","High income",10.2929134469394,94.9332032524644,3.616,233.070441910537
"1239",0.31408404880253,2020,"MLT","Malta","Middle East & North Africa","High income",10.2350125820427,95.1841082280263,4.347,242.361190735857
"1240",0.316083145051966,2021,"MLT","Malta","Middle East & North Africa","High income",10.3557201234873,95.5145343617045,3.394,220.165634087757
"1241",0.294093086308179,2012,"MLT","Malta","Middle East & North Africa","High income",9.97717463905076,94.3626256493653,6.197,199.213865142839
"1242",0.346069588793493,2022,"MLT","Malta","Middle East & North Africa","High income",10.3555378148356,95.6003155132879,2.921,245.160375092004
"1243",0.291094441934026,2011,"MLT","Malta","Middle East & North Africa","High income",9.94596886171989,94.3155916422812,6.378,192.027341380783
"1244",0.288095797559873,2013,"MLT","Malta","Middle East & North Africa","High income",10.0268769824703,94.3906567856206,6.106,187.432252850045
"1245",0.294093086308179,2015,"MLT","Malta","Middle East & North Africa","High income",10.1475970281275,94.4387696268011,5.389,207.196019855244
"1246",0.287096249435156,2018,"MLT","Malta","Middle East & North Africa","High income",10.2933923998464,94.7242373261706,3.658,228.098550737111
"1247",0.290094893809309,2014,"MLT","Malta","Middle East & North Africa","High income",10.0802129292635,94.412512773898,5.725,181.301127112959
"1248",0.291094441934026,2016,"MLT","Malta","Middle East & North Africa","High income",10.1646785149232,94.4800033569336,4.687,213.359473242677
"1249",0.292093990058744,2017,"MLT","Malta","Middle East & North Africa","High income",10.2592952112724,94.5691806330314,4.002,213.047591025756
"1250",0.495002259376412,1993,"MRT","Mauritania","Sub-Saharan Africa","Lower middle income",7.25627413214298,39.0179807705844,9.874,46.0763040408496
"1251",0.357064618165386,2008,"MRT","Mauritania","Sub-Saharan Africa","Lower middle income",7.32268578279918,43.5784901049073,9.735,94.1202110004251
"1252",0.402044283777677,2004,"MRT","Mauritania","Sub-Saharan Africa","Lower middle income",7.19943013059264,39.5685575664461,9.791,75.2188046787959
"1253",0.377055580659738,1995,"MRT","Mauritania","Sub-Saharan Africa","Lower middle income",7.25745862961522,38.6515898670056,9.797,73.416940256179
"1254",0.326078626299141,2014,"MRT","Mauritania","Sub-Saharan Africa","Lower middle income",7.32689066582781,50.4694791226856,10.028,91.610371363604
"1255",0.390049706281066,2000,"MRT","Mauritania","Sub-Saharan Africa","Lower middle income",7.17368578505308,38.0555858542174,10.033,58.9403747670668
"1256",0.320081337550836,2019,"MRT","Mauritania","Sub-Saharan Africa","Lower middle income",7.38096329118847,56.0596215779146,10.416,93.4866941351317
"1257",0.385051965657479,2012,"MUS","Mauritius","Sub-Saharan Africa","Upper middle income",9.07140266913231,40.0369511615085,7.472,117.447639083027
"1258",0.36805964753728,2017,"MUS","Mauritius","Sub-Saharan Africa","Upper middle income",9.24762785906245,39.4499348663789,6.752,126.964059884888
"1259",0.357064618165386,2006,"MUS","Mauritius","Sub-Saharan Africa","Upper middle income",8.83103993060361,40.9607687547567,9.04,124.782280192468
"1260",0.469014008133755,2016,"MEX","Mexico","Latin America & Caribbean","Upper middle income",9.22034041658385,77.4405087351486,3.853,75.6903034088551
"1261",0.502998644374153,2004,"MEX","Mexico","Latin America & Caribbean","Upper middle income",9.15072727538285,76.3274397419019,3.937,52.0406200335632
"1262",0.508995933122458,2005,"MEX","Mexico","Latin America & Caribbean","Upper middle income",9.1581537631502,76.4748624380269,3.558,52.5626446517886
"1263",0.489004970628107,2014,"MEX","Mexico","Latin America & Caribbean","Upper middle income",9.19649306446203,76.9741367091766,4.819,64.0984090351215
"1264",0.460018075011297,2018,"MEX","Mexico","Latin America & Caribbean","Upper middle income",9.23959515644137,78.0271223924494,3.275,80.2126616568975
"1265",0.497001355625847,2006,"MEX","Mexico","Latin America & Caribbean","Upper middle income",9.19154769483774,76.4982455683657,3.566,54.4821160886169
"1266",0.533984636240398,2000,"MEX","Mexico","Latin America & Caribbean","Upper middle income",9.16763845547893,74.9203113970256,2.646,49.9104091872497
"1267",0.505997288748305,2002,"MEX","Mexico","Latin America & Caribbean","Upper middle income",9.13154376423839,75.6840752828994,3.003,45.209829259652
"1268",0.522989606868504,1992,"MEX","Mexico","Latin America & Caribbean","Upper middle income",9.02765045951059,72.2406081339013,3.235,35.553495904112
"1269",0.477010393131496,2010,"MEX","Mexico","Latin America & Caribbean","Upper middle income",9.14730122976458,76.5244441414713,5.303,59.2733845293851
"1270",0.446024401265251,2020,"MEX","Mexico","Latin America & Caribbean","Upper middle income",9.13071730208681,78.677960602824,4.44,76.8545557056016
"1271",0.507996384997741,2008,"MEX","Mexico","Latin America & Caribbean","Upper middle income",9.1928220364256,76.5090428271033,3.874,56.3652818862573
"1272",0.49600180750113,2012,"MEX","Mexico","Latin America & Caribbean","Upper middle income",9.1883521698819,76.6585199140734,4.892,64.2579318900113
"1273",0.435029371893357,2022,"MEX","Mexico","Latin America & Caribbean","Upper middle income",9.21166428757448,79.199683215791,3.256,88.7984855867186
"1274",0.519990962494352,1996,"MEX","Mexico","Latin America & Caribbean","Upper middle income",9.02649601113827,73.6269922663634,5.465,47.7678235339067
"1275",0.533984636240398,1994,"MEX","Mexico","Latin America & Caribbean","Upper middle income",9.06224404435794,72.9565584912625,4.436,29.1584721341582
"1276",0.53298508811568,1998,"MEX","Mexico","Latin America & Caribbean","Upper middle income",9.12280834432612,74.2716464717421,3.733,48.0318841400179
"1277",0.270103931314957,2015,"MDA","Moldova","Europe & Central Asia","Upper middle income",7.91919303936794,39.6954040527344,1.742,88.9664154565323
"1278",0.395047446904654,1998,"MDA","Moldova","Europe & Central Asia","Upper middle income",7.215373507282,40.7304458618164,10,116.803124451539
"1279",0.329077270673294,2009,"MDA","Moldova","Europe & Central Asia","Upper middle income",7.65772861770502,39.3255348205566,2.987,110.363326850495
"1280",0.369059195661997,1997,"MDA","Moldova","Europe & Central Asia","Upper middle income",7.28262963525589,44.9134635925293,7.9,127.560400247842
"1281",0.347069136918211,2008,"MDA","Moldova","Europe & Central Asia","Upper middle income",7.71834139030949,39.3710708618164,2.073,134.4216013477
"1282",0.426033438770899,1999,"MDA","Moldova","Europe & Central Asia","Upper middle income",7.18268074265235,40.5269088745117,11.14,117.527935193889
"1283",0.321080885675554,2010,"MDA","Moldova","Europe & Central Asia","Upper middle income",7.72731973991041,39.2804946899414,2.937,87.9378518951573
"1284",0.30608766380479,2011,"MDA","Moldova","Europe & Central Asia","Upper middle income",7.78445012396732,39.3469161987305,2.648,98.6175965326556
"1285",0.292093990058744,2012,"MDA","Moldova","Europe & Central Asia","Upper middle income",7.77866642187729,39.3614196777344,2.151,96.3064098336294
"1286",0.349068233167646,2003,"MDA","Moldova","Europe & Central Asia","Upper middle income",7.41117330997209,39.5945358276367,6.378,140.056529925052
"1287",0.364061455038409,2000,"MDA","Moldova","Europe & Central Asia","Upper middle income",7.20557256997075,40.4185981750488,8.539,126.163100130478
"1288",0.380054225033891,2001,"MDA","Moldova","Europe & Central Asia","Upper middle income",7.26702068973897,39.6744270324707,7.366,124.500739599353
"1289",0.358064166290104,2002,"MDA","Moldova","Europe & Central Asia","Upper middle income",7.34444395967132,39.620719909668,6.845,129.839525501535
"1290",0.250112968820606,2020,"MDA","Moldova","Europe & Central Asia","Upper middle income",8.06743661337088,41.3368530273438,1.186,79.265722119158
"1291",0.257109805693629,2021,"MDA","Moldova","Europe & Central Asia","Upper middle income",8.21288494547561,41.8115425109863,0.785,88.4708865399267
"1292",0.259108901943064,2022,"MDA","Moldova","Europe & Central Asia","Upper middle income",8.19200441372033,42.4048843383789,0.897,112.117671579766
"1293",0.260108450067781,2019,"MDA","Moldova","Europe & Central Asia","Upper middle income",8.14284217837886,40.772289276123,1.466,87.6322371148906
"1294",0.285097153185721,2013,"MDA","Moldova","Europe & Central Asia","Upper middle income",7.86551431162245,39.4275512695312,1.873,95.6872968332383
"1295",0.268104835065522,2014,"MDA","Moldova","Europe & Central Asia","Upper middle income",7.91491063309313,39.6298484802246,1.425,94.2282919690928
"1296",0.268104835065522,2023,"MDA","Moldova","Europe & Central Asia","Upper middle income",8.23236040634204,43.0011825561523,1.555,93.9946211488052
"1297",0.263107094441934,2016,"MDA","Moldova","Europe & Central Asia","Upper middle income",7.97623643992354,39.7373237609863,1.557,89.0046837188671
"1298",0.259108901943064,2017,"MDA","Moldova","Europe & Central Asia","Upper middle income",8.03441489110945,39.9736557006836,1.586,88.6233902754378
"1299",0.257109805693629,2018,"MDA","Moldova","Europe & Central Asia","Upper middle income",8.0919322639006,40.3258094787598,1.196,87.4467874275648
"1300",0.354065973791234,2006,"MDA","Moldova","Europe & Central Asia","Upper middle income",7.60945443722883,39.2182388305664,4.2,137.154763819994
"1301",0.344070492544058,2007,"MDA","Moldova","Europe & Central Asia","Upper middle income",7.64133042491186,39.4315032958984,2.723,142.720539023021
"1302",0.350067781292363,2004,"MDA","Moldova","Europe & Central Asia","Upper middle income",7.48503777511874,39.4460945129395,6.374,132.69906968032
"1303",0.363061906913692,2005,"MDA","Moldova","Europe & Central Asia","Upper middle income",7.55979162520614,39.3704032897949,5.633,143.023568469138
"1304",0.338073203795752,2012,"MNG","Mongolia","East Asia & Pacific","Upper middle income",8.10716718801082,67.9522782537785,3.905,109.588564338415
"1305",0.331076366922729,2010,"MNG","Mongolia","East Asia & Pacific","Upper middle income",7.86774639284731,67.8298018313254,6.549,103.350031656557
"1306",0.33907275192047,2011,"MNG","Mongolia","East Asia & Pacific","Upper middle income",8.00996655907954,67.9196058798676,4.769,126.999228633482
"1307",0.327078174423859,2018,"MNG","Mongolia","East Asia & Pacific","Upper middle income",8.3389885081317,67.8683444833372,5.377,126.355873241513
"1308",0.31408404880253,2022,"MNG","Mongolia","East Asia & Pacific","Upper middle income",8.34424014360886,69.783805847168,6.211,136.327929944516
"1309",0.303089019430637,1998,"MNG","Mongolia","East Asia & Pacific","Upper middle income",7.3624404027704,56.6674861290427,5.755,107.351210779428
"1310",0.329077270673294,2002,"MNG","Mongolia","East Asia & Pacific","Upper middle income",7.42693789761376,58.1310120482033,6.2,118.517253113943
"1311",0.323079981924989,2016,"MNG","Mongolia","East Asia & Pacific","Upper middle income",8.247460953034,67.9776754820979,7.235,101.055237224997
"1312",0.332075915047447,1995,"MNG","Mongolia","East Asia & Pacific","Upper middle income",7.31273023505717,56.7918138357155,5.5,82.1036587592106
"1313",0.358064166290104,2007,"MNG","Mongolia","East Asia & Pacific","Upper middle income",7.7847745480513,65.2590695004873,7.2,117.880426425377
"1314",0.320081337550836,2014,"MNG","Mongolia","East Asia & Pacific","Upper middle income",8.25071379070713,67.9941357229626,4.798,109.322311877187
"1315",0.390049706281066,2015,"MNE","Montenegro","Europe & Central Asia","Upper middle income",8.76732962645146,64.8181652937171,17.555,104.12510886943
"1316",0.385051965657479,2016,"MNE","Montenegro","Europe & Central Asia","Upper middle income",8.80002126551419,64.9101692293409,17.732,104.135954584294
"1317",0.305088115680072,2008,"MNE","Montenegro","Europe & Central Asia","Upper middle income",8.72415623445113,63.8414387962647,17.15,132.48054069386
"1318",0.31008585630366,2009,"MNE","Montenegro","Europe & Central Asia","Upper middle income",8.66019459320703,64.1131468872325,19.09,99.8255760432413
"1319",0.390049706281066,2013,"MNE","Montenegro","Europe & Central Asia","Upper middle income",8.72229521447696,64.6252987959653,19.585,103.785966371179
"1320",0.388050610031631,2014,"MNE","Montenegro","Europe & Central Asia","Upper middle income",8.74386509697097,64.7232143772459,18.054,100.438431458711
"1321",0.369059195661997,2017,"MNE","Montenegro","Europe & Central Asia","Upper middle income",8.83067626992463,64.9992438680584,16.082,106.711366689116
"1322",0.36805964753728,2018,"MNE","Montenegro","Europe & Central Asia","Upper middle income",8.87619139512617,65.0854068937869,15.19,111.098935509174
"1323",0.31408404880253,2007,"MNE","Montenegro","Europe & Central Asia","Upper middle income",8.65922045462605,63.5035790981749,19.4,128.844214152476
"1324",0.289095345684591,2010,"MNE","Montenegro","Europe & Central Asia","Upper middle income",8.68573995775925,64.3069625751293,19.649,98.8684992495822
"1325",0.308086760054225,2011,"MNE","Montenegro","Europe & Central Asia","Upper middle income",8.71779008874686,64.4210914835811,19.759,106.752728264703
"1326",0.412039765024853,2012,"MNE","Montenegro","Europe & Central Asia","Upper middle income",8.69087404454169,64.5244008658951,19.808,108.779987603414
"1327",0.300090375056484,2006,"MNE","Montenegro","Europe & Central Asia","Upper middle income",8.59165821964025,63.111308588912,24.79,118.177129375183
"1328",0.34307094441934,2021,"MNE","Montenegro","Europe & Central Asia","Upper middle income",8.88160080613934,65.3266031317675,16.543,105.719249175045
"1329",0.30208947130592,2005,"MNE","Montenegro","Europe & Central Asia","Upper middle income",8.51070927032316,62.6763680644251,30.31,104.625139256659
"1330",0.354065973791234,2020,"MNE","Montenegro","Europe & Central Asia","Upper middle income",8.75651789698309,65.2490688418027,17.878,87.8612027134909
"1331",0.357064618165386,2019,"MNE","Montenegro","Europe & Central Asia","Upper middle income",8.91868988707697,65.1686759904159,15.128,110.0161238696
"1332",0.394047898779937,1998,"MAR","Morocco","Middle East & North Africa","Lower middle income",7.5661766778592,52.9553071144083,13.393,45.6723595943991
"1333",0.406042476276548,2000,"MAR","Morocco","Middle East & North Africa","Lower middle income",7.57924019647982,53.58724711125,13.58,53.4403058388785
"1334",0.407042024401265,2006,"MAR","Morocco","Middle East & North Africa","Lower middle income",7.82003514604984,55.9627589629824,9.67,64.6721977787154
"1335",0.395047446904654,2013,"MAR","Morocco","Middle East & North Africa","Lower middle income",8.00909236763374,59.9083499302469,9.23,73.8577565315318
"1336",0.53298508811568,1996,"MOZ","Mozambique","Sub-Saharan Africa","Low income",5.42582402615222,28.1699399959342,2.764,51.0292925616374
"1337",0.455020334387709,2008,"MOZ","Mozambique","Sub-Saharan Africa","Low income",6.13328370860126,30.5625357695184,3.114,64.981416499828
"1338",0.506996836873023,2019,"MOZ","Mozambique","Sub-Saharan Africa","Low income",6.4250948006881,33.4177241517032,3.646,105.591171401921
"1339",0.49600180750113,2022,"MOZ","Mozambique","Sub-Saharan Africa","Low income",6.39033947000543,35.0536638047945,3.596,135.279578416991
"1340",0.469014008133755,2002,"MOZ","Mozambique","Sub-Saharan Africa","Low income",5.82934368608394,29.5686323334348,2.903,73.309162757423
"1341",0.539981924988703,2014,"MOZ","Mozambique","Sub-Saharan Africa","Low income",6.37206766834498,31.8972245802342,3.377,116.356855242217
"1342",0.710904654315409,1993,"NAM","Namibia","Sub-Saharan Africa","Upper middle income",7.99269959772907,27.6807987893929,19.104,96.0955780096704
"1343",0.609950293718934,2009,"NAM","Namibia","Sub-Saharan Africa","Upper middle income",8.29134777181012,40.8524900328246,22.254,123.762844292976
"1344",0.5909588793493,2015,"NAM","Namibia","Sub-Saharan Africa","Upper middle income",8.47096211680025,45.5103554445325,20.808,97.2390317873478
"1345",0.632939900587438,2003,"NAM","Namibia","Sub-Saharan Africa","Upper middle income",8.08095106138403,34.5460063719633,22.052,95.9524743817213
"1346",0.43802801626751,2003,"NPL","Nepal","South Asia","Lower middle income",6.34614443109742,38.045308394296,10.702,44.2478836156195
"1347",0.328077722548577,2010,"NPL","Nepal","South Asia","Lower middle income",6.58100692174423,62.0156581578338,10.554,45.9849057742707
"1348",0.300090375056484,2022,"NPL","Nepal","South Asia","Lower middle income",7.0153125410957,66.2992968721053,10.844,48.9734014799428
"1349",0.352066877541798,1995,"NPL","Nepal","South Asia","Lower middle income",6.16906895314744,24.1000758705435,10.484,59.49051839854
"1350",0.286096701310438,2014,"NLD","Netherlands","Europe & Central Asia","High income",10.7153521532922,89.8364787097165,7.419,151.715891056501
"1351",0.304088567555355,1993,"NLD","Netherlands","Europe & Central Asia","High income",10.382759864022,69.7586743487312,6.287,99.0328336645559
"1352",0.300090375056484,2006,"NLD","Netherlands","Europe & Central Asia","High income",10.6883275221247,84.6532280358545,5.007,127.195613539333
"1353",0.296092182557614,2007,"NLD","Netherlands","Europe & Central Asia","High income",10.7242695880945,85.4089231499726,4.153,129.798241740597
"1354",0.276101220063263,2012,"NLD","Netherlands","Europe & Central Asia","High income",10.7062035585087,88.5342462391333,5.821,149.393223058131
"1355",0.28109896068685,2013,"NLD","Netherlands","Europe & Central Asia","High income",10.7029529792641,89.1749992370605,7.241,150.651850226949
"1356",0.293093538183461,2008,"NLD","Netherlands","Europe & Central Asia","High income",10.741323889751,85.6149582464487,3.658,130.152049980117
"1357",0.278100316312698,2011,"NLD","Netherlands","Europe & Central Asia","High income",10.7197310037933,88.0059204972573,4.977,141.757099325776
"1358",0.282098508811568,2016,"NLD","Netherlands","Europe & Central Asia","High income",10.7505361605383,90.5803239452777,6.007,150.96552921165
"1359",0.285097153185721,2017,"NLD","Netherlands","Europe & Central Asia","High income",10.7720597660552,91.1219700676602,4.837,159.646059656847
"1360",0.282098508811568,2015,"NLD","Netherlands","Europe & Central Asia","High income",10.7319042855087,90.2787737214621,6.872,160.325812564809
"1361",0.28109896068685,1999,"NLD","Netherlands","Europe & Central Asia","High income",10.5789475692294,77.06074312186,3.622,114.327740793016
"1362",0.279099864437415,2009,"NLD","Netherlands","Europe & Central Asia","High income",10.6988395432127,86.2223179632671,4.352,115.109660363107
"1363",0.278100316312698,2010,"NLD","Netherlands","Europe & Central Asia","High income",10.7068172431088,87.3502790247129,4.991,130.081707935343
"1364",0.257109805693629,2021,"NLD","Netherlands","Europe & Central Asia","High income",10.8153855314364,94.6294783220315,4.209,163.154842689698
"1365",0.290094893809309,2005,"NLD","Netherlands","Europe & Central Asia","High income",10.6551711852348,83.5048949725161,5.872,122.255849523252
"1366",0.260108450067781,2020,"NLD","Netherlands","Europe & Central Asia","High income",10.7597433226197,94.2532277765935,3.82,152.233230409706
"1367",0.298091278807049,2004,"NLD","Netherlands","Europe & Central Asia","High income",10.6373722707044,82.250953139759,4.646,116.958160026939
"1368",0.292093990058744,2019,"NLD","Netherlands","Europe & Central Asia","High income",10.8047461840968,93.8898028856479,3.379,160.676671884999
"1369",0.28109896068685,2018,"NLD","Netherlands","Europe & Central Asia","High income",10.7885565176737,92.6062472401044,3.832,163.559146573044
"1370",0.543980117487573,1998,"NIC","Nicaragua","Latin America & Caribbean","Lower middle income",7.20494656617761,54.9348900789023,7.187,57.0137150680369
"1371",0.52898689561681,2001,"NIC","Nicaragua","Latin America & Caribbean","Lower middle income",7.3013604502313,55.3522521763064,7.203,57.9801315472268
"1372",0.439027564392228,2009,"NIC","Nicaragua","Latin America & Caribbean","Lower middle income",7.41199141344698,56.651098305894,8.16,86.9936104453444
"1373",0.462017171260732,2014,"NIC","Nicaragua","Latin America & Caribbean","Lower middle income",7.60422129434482,57.6222653742564,4.52,106.698200190796
"1374",0.570967916854948,1993,"NIC","Nicaragua","Latin America & Caribbean","Lower middle income",7.0699722193535,54.0713283349293,7.862,68.285966789153
"1375",0.488005422503389,2005,"NIC","Nicaragua","Latin America & Caribbean","Lower middle income",7.3786882931375,55.9375480421093,5.37,71.6457237072991
"1376",0.315083596927248,2011,"NER","Niger","Sub-Saharan Africa","Low income",6.07531445558778,16.2303066053496,0.316,50.2463951569345
"1377",0.360063262539539,1992,"NER","Niger","Sub-Saharan Africa","Low income",6.09724871746451,15.5867443084717,1.566,28.7066499462238
"1378",0.444025305015816,2005,"NER","Niger","Sub-Saharan Africa","Low income",6.00928219352446,16.2687225341797,3.1,38.3477418070736
"1379",0.415038409399006,1994,"NER","Niger","Sub-Saharan Africa","Low income",6.05506709934062,15.7277612686157,1.502,33.6425286170597
"1380",0.373057388160868,2007,"NER","Niger","Sub-Saharan Africa","Low income",6.02446191192748,16.2641887037781,2.032,35.5028028471007
"1381",0.373057388160868,2018,"NER","Niger","Sub-Saharan Africa","Low income",6.25295726551237,16.6449011799221,0.535,37.5388483992356
"1382",0.329077270673294,2021,"NER","Niger","Sub-Saharan Africa","Low income",6.2600845488133,17.2295936666686,0.78,37.0158935503713
"1383",0.34307094441934,2014,"NER","Niger","Sub-Saharan Africa","Low income",6.17948907645324,16.2450424611665,0.524,45.7416008365932
"1384",0.394047898779937,2011,"MKD","North Macedonia","Europe & Central Asia","Upper middle income",8.45768313246771,58.2409503926967,31.502,113.19191013947
"1385",0.381053773158608,2012,"MKD","North Macedonia","Europe & Central Asia","Upper middle income",8.45702944651855,58.3924217811729,31.096,112.214834702155
"1386",0.393048350655219,2005,"MKD","North Macedonia","Europe & Central Asia","Upper middle income",8.20455237867644,57.8614206464767,37.32,85.8410034787176
"1387",0.426033438770899,2006,"MKD","North Macedonia","Europe & Central Asia","Upper middle income",8.26016873637605,57.8796574341199,36.392,92.5516664675666
"1388",0.40104473565296,2010,"MKD","North Macedonia","Europe & Central Asia","Upper middle income",8.42997055759494,58.1206815541291,33.135,97.8810691156562
"1389",0.428032535020334,2009,"MKD","North Macedonia","Europe & Central Asia","Upper middle income",8.39054104414729,58.0280165522288,32.351,87.1767537660809
"1390",0.352066877541798,2014,"MKD","North Macedonia","Europe & Central Asia","Upper middle income",8.52788582340142,58.8033670608162,28.215,112.537928969299
"1391",0.362062358788974,2013,"MKD","North Macedonia","Europe & Central Asia","Upper middle income",8.48955081431236,58.578694432799,29.017,104.857229956305
"1392",0.34307094441934,2000,"MKD","North Macedonia","Europe & Central Asia","Upper middle income",8.096628457873,58.4918382392587,32.2,80.1601473580914
"1393",0.384052417532761,2004,"MKD","North Macedonia","Europe & Central Asia","Upper middle income",8.15299442814708,57.8527941292946,37.161,80.8704849956907
"1394",0.3350745594216,2019,"MKD","North Macedonia","Europe & Central Asia","Upper middle income",8.69309162303549,60.6286848102132,17.414,138.576231840539
"1395",0.28109896068685,1998,"MKD","North Macedonia","Europe & Central Asia","Upper middle income",8.01900071034717,59.3418252359274,34.5,76.5874821175197
"1396",0.385051965657479,2002,"MKD","North Macedonia","Europe & Central Asia","Upper middle income",8.08336275797516,57.8726144171205,31.94,71.5334846721143
"1397",0.461017623136015,2008,"MKD","North Macedonia","Europe & Central Asia","Upper middle income",8.38766536613349,57.9593566737547,33.93,111.570054713298
"1398",0.330076818798012,2018,"MKD","North Macedonia","Europe & Central Asia","Upper middle income",8.64793954476456,60.1580316016216,21.208,133.215207648008
"1399",0.356065070040669,2015,"MKD","North Macedonia","Europe & Central Asia","Upper middle income",8.56839695846082,59.0700383784659,26.395,113.698443879103
"1400",0.387051061906914,2003,"MKD","North Macedonia","Europe & Central Asia","Upper middle income",8.10407499549957,57.8501791693323,36.69,71.0693204909674
"1401",0.342071396294623,2017,"MKD","North Macedonia","Europe & Central Asia","Upper middle income",8.61446846265562,59.7437719356273,22.857,124.13728389629
"1402",0.345070040668775,2016,"MKD","North Macedonia","Europe & Central Asia","Upper middle income",8.59968461243495,59.3823070989891,24.312,116.185408418026
"1403",0.260108450067781,1995,"NOR","Norway","Europe & Central Asia","High income",10.974738381716,73.9197422341132,6.307,67.2992862912687
"1404",0.252112065070041,1991,"NOR","Norway","Europe & Central Asia","High income",10.8441398396829,72.1586354507439,5.407,69.589804667081
"1405",0.316083145051966,2004,"NOR","Norway","Europe & Central Asia","High income",11.185684298613,77.5684593888498,4.256,68.671953774992
"1406",0.30608766380479,2005,"NOR","Norway","Europe & Central Asia","High income",11.2053706296716,77.8260148882032,4.381,70.4694504909023
"1407",0.264106642566652,2006,"NOR","Norway","Europe & Central Asia","High income",11.2216333721771,78.0877227783203,3.397,71.6599299465003
"1408",0.271103479439675,2007,"NOR","Norway","Europe & Central Asia","High income",11.2400099177809,78.4072502632828,2.493,71.9420263082298
"1409",0.276101220063263,2003,"NOR","Norway","Europe & Central Asia","High income",11.1522326352332,77.2600021362305,4.221,66.3207509412935
"1410",0.270103931314957,2017,"NOR","Norway","Europe & Central Asia","High income",11.241738748248,81.9699745912375,4.164,69.1087817621061
"1411",0.276101220063263,2018,"NOR","Norway","Europe & Central Asia","High income",11.243392987127,82.2452112401723,3.801,70.0031957894984
"1412",0.284097605061003,2020,"NOR","Norway","Europe & Central Asia","High income",11.2290654916862,82.7029885700532,4.424,65.3539790413323
"1413",0.291094441934026,2021,"NOR","Norway","Europe & Central Asia","High income",11.2620600844993,82.8612877226956,4.359,71.2227137759599
"1414",0.269104383190239,2022,"NOR","Norway","Europe & Central Asia","High income",11.2850226506279,82.9563661816034,3.231,82.6094798361389
"1415",0.27710076818798,2019,"NOR","Norway","Europe & Central Asia","High income",11.2478171716052,82.4935894878281,3.684,70.8958205272987
"1416",0.274102123813827,2000,"NOR","Norway","Europe & Central Asia","High income",11.1250045072528,76.1338922449534,3.458,74.3125187193698
"1417",0.265106190691369,2023,"NOR","Norway","Europe & Central Asia","High income",11.2743604812168,83.0718560702166,3.572,80.3638456401269
"1418",0.285097153185721,2016,"NOR","Norway","Europe & Central Asia","High income",11.2254766250097,81.6800003051758,4.68,69.1168423974699
"1419",0.275101671938545,2015,"NOR","Norway","Europe & Central Asia","High income",11.2227063877749,81.2378240971353,4.296,70.431856540017
"1420",0.253111613194758,2011,"NOR","Norway","Europe & Central Asia","High income",11.1935556012521,79.311620451463,3.196,69.5987336334833
"1421",0.270103931314957,2008,"NOR","Norway","Europe & Central Asia","High income",11.2323542079761,78.7541006020666,2.521,74.7852799340995
"1422",0.262107546317216,2009,"NOR","Norway","Europe & Central Asia","High income",11.200148565894,79.0570820210427,3.1,67.4643154601855
"1423",0.257109805693629,2010,"NOR","Norway","Europe & Central Asia","High income",11.1955316117417,79.245002746582,3.527,68.2395193584281
"1424",0.257109805693629,2012,"NOR","Norway","Europe & Central Asia","High income",11.2072379779967,79.4905925441617,3.129,68.4985528389766
"1425",0.268104835065522,2014,"NOR","Norway","Europe & Central Asia","High income",11.2142542170775,80.6117159535579,3.486,69.1373772209037
"1426",0.264106642566652,2013,"NOR","Norway","Europe & Central Asia","High income",11.2052571854603,79.9723980455359,3.425,67.9727925936832
"1427",0.331076366922729,1998,"PAK","Pakistan","South Asia","Lower middle income",6.93391056496326,32.5871723893723,0.645,34.011725180531
"1428",0.287096249435156,1996,"PAK","Pakistan","South Asia","Lower middle income",6.95453068645944,32.1402116675762,0.616,38.3301268339895
"1429",0.287096249435156,2001,"PAK","Pakistan","South Asia","Lower middle income",6.9640105363418,33.1988471664032,0.629,23.5772074298467
"1430",0.288095797559873,2010,"PAK","Pakistan","South Asia","Lower middle income",7.13624039630803,34.8159187475539,0.653,31.9890020462315
"1431",0.297091730682332,2011,"PAK","Pakistan","South Asia","Lower middle income",7.14031961033139,35.0113675889897,0.796,32.3626382751438
"1432",0.309086308178943,2004,"PAK","Pakistan","South Asia","Lower middle income",7.04490191610128,33.7441369568158,0.608,24.8083348519064
"1433",0.313084500677813,2005,"PAK","Pakistan","South Asia","Lower middle income",7.09110430247814,33.9190062789495,0.585,29.8784940550747
"1434",0.297091730682332,2007,"PAK","Pakistan","South Asia","Lower middle income",7.14310852796464,34.2683067336065,0.398,30.7878814312746
"1435",0.295092634432897,2013,"PAK","Pakistan","South Asia","Lower middle income",7.17755399657038,35.4315352494366,2.954,30.8902743401844
"1436",0.313084500677813,2015,"PAK","Pakistan","South Asia","Lower middle income",7.23017945082817,35.9017325715342,3.566,26.6881860172247
"1437",0.296092182557614,2018,"PAK","Pakistan","South Asia","Lower middle income",7.3535185312701,36.7478511550359,4.083,27.6260570796337
"1438",0.572967013104383,1998,"PAN","Panama","Latin America & Caribbean","High income",8.78032179412788,61.0086248345759,6.23,157.996408668151
"1439",0.526987799367375,2007,"PAN","Panama","Latin America & Caribbean","High income",9.15985163823233,64.6019807394311,5.694,148.665601032972
"1440",0.575965657478536,1995,"PAN","Panama","Latin America & Caribbean","High income",8.64583341002513,58.2484116694001,6.526,146.905380036798
"1441",0.580963398102124,1997,"PAN","Panama","Latin America & Caribbean","High income",8.71974973843881,60.1745220874573,6.406,174.713863282649
"1442",0.526987799367375,2008,"PAN","Panama","Latin America & Caribbean","High income",9.23874851026582,64.8088713516952,5.647,164.586286421944
"1443",0.517991866244916,2009,"PAN","Panama","Latin America & Caribbean","High income",9.23669631395399,64.9730405510737,5.864,137.046021377188
"1444",0.537982828739268,2005,"PAN","Panama","Latin America & Caribbean","High income",8.9791484372858,64.0721934428526,6.002,139.211164757519
"1445",0.545979213737009,2006,"PAN","Panama","Latin America & Caribbean","High income",9.05461948028713,64.355408255933,5.822,141.472571182754
"1446",0.508995933122458,2021,"PAN","Panama","Latin America & Caribbean","High income",9.58554832366564,65.8092302689169,10.177,80.1334636057057
"1447",0.515992769995481,2010,"PAN","Panama","Latin America & Caribbean","High income",9.27781879384111,65.0926097647906,5.845,145.448718647896
"1448",0.512994125621329,2011,"PAN","Panama","Latin America & Caribbean","High income",9.37258666561925,65.1896678664818,4.03,158.20839556043
"1449",0.497001355625847,2024,"PAN","Panama","Latin America & Caribbean","High income",9.74816155386693,65.9958447685488,6.518,83.6737787798304
"1450",0.516992318120199,2012,"PAN","Panama","Latin America & Caribbean","High income",9.4468576581173,65.2829468288151,3.691,153.208620289839
"1451",0.562971531857207,1999,"PAN","Panama","Latin America & Caribbean","High income",8.8113129089948,61.7013699766382,6.232,131.557397200745
"1452",0.56597017623136,2000,"PAN","Panama","Latin America & Caribbean","High income",8.83290122020835,62.2165370013582,6.264,139.197934301758
"1453",0.555974694984184,2003,"PAN","Panama","Latin America & Caribbean","High income",8.85894882470815,63.4079949945516,6.346,117.267478912327
"1454",0.547978309986444,2004,"PAN","Panama","Latin America & Caribbean","High income",8.91848506161698,63.7553758418416,6.127,124.761756836196
"1455",0.579963849977406,1991,"PAN","Panama","Latin America & Caribbean","High income",8.55113207655485,54.5277463774443,6.445,140.246558305042
"1456",0.507996384997741,2015,"PAN","Panama","Latin America & Caribbean","High income",9.55269916616374,65.5287232947981,4.335,96.5791573893461
"1457",0.566969724356078,2001,"PAN","Panama","Latin America & Caribbean","High income",8.82289139312095,62.6337017277411,6.372,135.584350668206
"1458",0.514993221870764,2013,"PAN","Panama","Latin America & Caribbean","High income",9.49075842387827,65.3709770103365,3.674,133.071568994167
"1459",0.489004970628107,2023,"PAN","Panama","Latin America & Caribbean","High income",9.73371596494586,65.8601271176084,6.544,88.3489105288611
"1460",0.498000903750565,2019,"PAN","Panama","Latin America & Caribbean","High income",9.65518913326078,65.752985396379,6.256,80.4286505707227
"1461",0.560972435607772,2002,"PAN","Panama","Latin America & Caribbean","High income",8.82837362374864,63.0330904426342,6.362,126.024482739773
"1462",0.504997740623588,2014,"PAN","Panama","Latin America & Caribbean","High income",9.51867390736174,65.4531164770096,4.391,114.970604967371
"1463",0.50399819249887,2016,"PAN","Panama","Latin America & Caribbean","High income",9.58011780600524,65.5971555296656,4.717,84.3959718486228
"1464",0.492003615002259,2018,"PAN","Panama","Latin America & Caribbean","High income",9.64053994451095,65.7099285144924,5.161,86.1309615270001
"1465",0.499000451875282,2017,"PAN","Panama","Latin America & Caribbean","High income",9.61883725425002,65.6577712475758,5.338,84.0475372059131
"1466",0.458018978761862,1996,"PNG","Papua New Guinea","East Asia & Pacific","Lower middle income",7.82087283269855,14.0420569362263,2.734,107.803352613066
"1467",0.572967013104383,2002,"PRY","Paraguay","Latin America & Caribbean","Upper middle income",8.27293841385086,58.3089732866691,9.393,79.4415656482927
"1468",0.548977858111161,2003,"PRY","Paraguay","Latin America & Caribbean","Upper middle income",8.30293959192215,58.5521334403429,6.814,81.1273637701163
"1469",0.491004066877542,2009,"PRY","Paraguay","Latin America & Caribbean","Upper middle income",8.46117228855412,59.3666109432844,5.46,70.8419818624334
"1470",0.509995481247176,2010,"PRY","Paraguay","Latin America & Caribbean","Upper middle income",8.55469129529582,59.5122792618786,4.569,81.2575233746789
"1471",0.476010845006778,2015,"PRY","Paraguay","Latin America & Caribbean","Upper middle income",8.67919943643868,61.3302768533263,4.556,66.9150655259457
"1472",0.522989606868504,2004,"PRY","Paraguay","Latin America & Caribbean","Upper middle income",8.33118786137213,58.7421370296254,6.513,80.1044466155542
"1473",0.513993673746046,2005,"PRY","Paraguay","Latin America & Caribbean","Upper middle income",8.34123872924813,58.894079141979,4.825,85.0219636540457
"1474",0.485006778129236,2017,"PRY","Paraguay","Latin America & Caribbean","Upper middle income",8.7392375198287,62.9526389826574,6.138,71.0801344038459
"1475",0.460018075011297,2018,"PRY","Paraguay","Latin America & Caribbean","Upper middle income",8.75687745978213,63.9248988239553,6.217,72.0692236259495
"1476",0.457019430637144,2019,"PRY","Paraguay","Latin America & Caribbean","Upper middle income",8.73930200100635,64.9845298299929,6.595,71.2221617342433
"1477",0.435029371893357,2020,"PRY","Paraguay","Latin America & Caribbean","Upper middle income",8.71755046920592,66.116520986009,7.548,62.7602174748575
"1478",0.429032083145052,2021,"PRY","Paraguay","Latin America & Caribbean","Upper middle income",8.74482426936642,67.3058612772421,7.311,69.74227302112
"1479",0.529986443741527,2006,"PRY","Paraguay","Latin America & Caribbean","Upper middle income",8.37777294390909,59.0202286834627,5.277,84.7335313048126
"1480",0.529986443741527,2007,"PRY","Paraguay","Latin America & Caribbean","Upper middle income",8.4207665075315,59.1328545601355,4.713,79.0011374202968
"1481",0.522989606868504,2011,"PRY","Paraguay","Latin America & Caribbean","Upper middle income",8.58339098966223,59.693499539898,4.67,78.4921238489902
"1482",0.476010845006778,2012,"PRY","Paraguay","Latin America & Caribbean","Upper middle income",8.56221673717467,59.9212909454702,4.085,74.7649574561086
"1483",0.479009489380931,2013,"PRY","Paraguay","Latin America & Caribbean","Upper middle income",8.62750353051301,60.2375315600901,4.385,73.369871384133
"1484",0.506996836873023,2014,"PRY","Paraguay","Latin America & Caribbean","Upper middle income",8.66466040603236,60.7101965948157,5.034,69.0837249630891
"1485",0.479009489380931,2016,"PRY","Paraguay","Latin America & Caribbean","Upper middle income",8.70648354194214,62.0827613208606,5.255,67.7593152322119
"1486",0.545979213737009,2001,"PRY","Paraguay","Latin America & Caribbean","Upper middle income",8.2872476284504,57.9686577349574,6.206,72.6056990118238
"1487",0.548977858111161,1997,"PRY","Paraguay","Latin America & Caribbean","Upper middle income",8.41094858833315,55.6410278886419,5.36,95.9342762479745
"1488",0.580963398102124,1995,"PRY","Paraguay","Latin America & Caribbean","Upper middle income",8.39957784262482,54.1320651066411,3.4,118.064074196549
"1489",0.44202620876638,2024,"PRY","Paraguay","Latin America & Caribbean","Upper middle income",8.8009934643432,69.8622585886961,6.093,76.8311565430624
"1490",0.545979213737009,1999,"PRY","Paraguay","Latin America & Caribbean","Upper middle income",8.35526012726989,56.9637104476634,5.343,77.5552756906357
"1491",0.506996836873023,2008,"PRY","Paraguay","Latin America & Caribbean","Upper middle income",8.47400656748316,59.2442256780564,4.415,80.7775746572591
"1492",0.44202620876638,2023,"PRY","Paraguay","Latin America & Caribbean","Upper middle income",8.77171606749512,69.3466081733694,5.794,82.4052107741573
"1493",0.446024401265251,2022,"PRY","Paraguay","Latin America & Caribbean","Upper middle income",8.73523541818258,68.6396537819458,6.755,73.7379050218566
"1494",0.550976954360597,1998,"PER","Peru","Latin America & Caribbean","Upper middle income",8.08896008703908,72.0206806682894,5.096,32.9530217853936
"1495",0.437028468142793,2020,"PER","Peru","Latin America & Caribbean","Upper middle income",8.67108616619787,83.5267437189637,7.179,44.245967197744
"1496",0.455020334387709,2010,"PER","Peru","Latin America & Caribbean","Upper middle income",8.55012350629093,77.4020936833934,3.6,51.6728089370033
"1497",0.53298508811568,1997,"PER","Peru","Latin America & Caribbean","Upper middle income",8.11107332227874,71.6470953159639,4.768,33.4695458506827
"1498",0.431031179394487,2014,"PER","Peru","Latin America & Caribbean","Upper middle income",8.71668624513952,79.9945465682649,3.208,46.8531210912899
"1499",0.447023949389968,2011,"PER","Peru","Latin America & Caribbean","Upper middle income",8.60400503280829,78.0118164985462,3.477,55.9882802838607
"1500",0.444025305015816,2012,"PER","Peru","Latin America & Caribbean","Upper middle income",8.65522206118821,78.6488061451268,3.238,52.6198952632294
"1501",0.433030275643922,2017,"PER","Peru","Latin America & Caribbean","Upper middle income",8.77298504367603,82.1931650502403,3.691,47.5135503619971
"1502",0.424034342521464,2018,"PER","Peru","Latin America & Caribbean","Upper middle income",8.79378565703754,82.6854929960921,3.492,48.631470171736
"1503",0.415038409399006,2019,"PER","Peru","Latin America & Caribbean","Upper middle income",8.79879594745626,83.1033003087105,3.379,46.9435053754409
"1504",0.439027564392228,2013,"PER","Peru","Latin America & Caribbean","Upper middle income",8.70308527090942,79.3105527820586,3.575,49.7871424471444
"1505",0.403043831902395,2022,"PER","Peru","Latin America & Caribbean","Upper middle income",8.8050027991831,84.3663554951194,3.85,57.2969759649721
"1506",0.407042024401265,2023,"PER","Peru","Latin America & Caribbean","Upper middle income",8.78996469345554,84.7810255849745,4.899,50.7851842068664
"1507",0.40104473565296,2024,"PER","Peru","Latin America & Caribbean","Upper middle income",8.81153216238001,85.1912729600355,4.828,51.4758878672647
"1508",0.40104473565296,2021,"PER","Peru","Latin America & Caribbean","Upper middle income",8.78689160007235,83.9480118272361,5.097,55.427249365522
"1509",0.547978309986444,1999,"PER","Peru","Latin America & Caribbean","Upper middle income",8.08652658338727,72.3948297386861,5.01,33.2057765558493
"1510",0.491004066877542,2000,"PER","Peru","Latin America & Caribbean","Upper middle income",8.09750940066916,72.7724831207703,4.958,35.5380321623178
"1511",0.43402982376864,2015,"PER","Peru","Latin America & Caribbean","Upper middle income",8.73740629369806,80.698277662669,3.272,45.1627686891148
"1512",0.436028920018075,2016,"PER","Peru","Latin America & Caribbean","Upper middle income",8.7628423410653,81.4192362241943,3.741,45.3888411964154
"1513",0.512994125621329,2001,"PER","Peru","Latin America & Caribbean","Upper middle income",8.08999285038926,73.1565814081586,5.063,35.0644014310212
"1514",0.440027112516945,1994,"PER","Peru","Latin America & Caribbean","Upper middle income",8.00589309885944,70.5003156312488,4.505,28.9229957698901
"1515",0.470013556258473,2009,"PER","Peru","Latin America & Caribbean","Upper middle income",8.4766152374084,76.822147540745,3.96,48.1119296153519
"1516",0.50399819249887,2005,"PER","Peru","Latin America & Caribbean","Upper middle income",8.25195918329782,74.8162354830832,4.87,47.3573174768394
"1517",0.535983732489833,2002,"PER","Peru","Latin America & Caribbean","Upper middle income",8.13116297070004,73.5500651944675,4.84,35.2491813317695
"1518",0.530985991866245,2003,"PER","Peru","Latin America & Caribbean","Upper middle income",8.16131554580113,73.9558750733136,4.15,37.6246103251002
"1519",0.499000451875282,2004,"PER","Peru","Latin America & Caribbean","Upper middle income",8.19990460589367,74.3769516383133,4.71,41.9360782679273
"1520",0.502998644374153,2006,"PER","Peru","Latin America & Caribbean","Upper middle income",8.31663336864557,75.2766672012397,4.17,51.7850560338442
"1521",0.5,2007,"PER","Peru","Latin America & Caribbean","Upper middle income",8.39112898511577,75.7615250588738,4.08,55.6881132836815
"1522",0.475011296882061,2008,"PER","Peru","Latin America & Caribbean","Upper middle income",8.47188749798322,76.2744879116779,4.03,58.4337673899053
"1523",0.466015363759602,2003,"PHL","Philippines","East Asia & Pacific","Lower middle income",7.54582391536436,40.3928506135438,3.527,87.5746443636636
"1524",0.43802801626751,1991,"PHL","Philippines","East Asia & Pacific","Lower middle income",7.4123918884775,36.2572326716808,3.729,44.2199237760081
"1525",0.423034794396746,2018,"PHL","Philippines","East Asia & Pacific","Lower middle income",8.13474216007025,53.2088897464754,2.338,72.1633982990273
"1526",0.407042024401265,2021,"PHL","Philippines","East Asia & Pacific","Lower middle income",8.11700688862986,54.4504102510776,3.398,63.4846098136712
"1527",0.393048350655219,2023,"PHL","Philippines","East Asia & Pacific","Lower middle income",8.228096155183,55.1242716168851,2.222,67.4199693173966
"1528",0.460018075011297,1997,"PHL","Philippines","East Asia & Pacific","Lower middle income",7.49568589539837,38.0456239750098,3.598,77.2286459172662
"1529",0.477010393131496,2000,"PHL","Philippines","East Asia & Pacific","Lower middle income",7.49183932623913,39.1384171397742,3.767,85.1533684600039
"1530",0.446024401265251,2015,"PHL","Philippines","East Asia & Pacific","Lower middle income",7.97585962361814,51.1549047745227,3.068,59.1415921053094
"1531",0.429032083145052,1994,"PHL","Philippines","East Asia & Pacific","Lower middle income",7.41140288573049,37.0925396440467,3.765,52.5265038023175
"1532",0.472012652507908,2006,"PHL","Philippines","East Asia & Pacific","Lower middle income",7.65464247098588,41.8308558715226,4.052,80.8505386728775
"1533",0.465015815634885,2012,"PHL","Philippines","East Asia & Pacific","Lower middle income",7.83745231133703,47.9182784810426,3.504,57.8420055133082
"1534",0.46301671938545,2009,"PHL","Philippines","East Asia & Pacific","Lower middle income",7.7216701692263,44.3356772609527,3.858,60.8865907869758
"1535",0.346069588793493,1995,"POL","Poland","Europe & Central Asia","High income",8.64327868594639,61.5973714804995,13.695,43.5552180979904
"1536",0.3350745594216,2008,"POL","Poland","Europe & Central Asia","High income",9.22888748508027,61.1258760375274,7.069,80.5746815569207
"1537",0.326078626299141,1996,"POL","Poland","Europe & Central Asia","High income",8.70167209684789,61.6396786847836,12.684,45.3767344453465
"1538",0.349068233167646,2003,"POL","Poland","Europe & Central Asia","High income",8.97658499436093,61.7281374379602,19.899,69.2134479841788
"1539",0.347069136918211,2006,"POL","Poland","Europe & Central Asia","High income",9.12015945093882,61.4199688499096,13.794,77.7008035402352
"1540",0.340072300045188,2007,"POL","Poland","Europe & Central Asia","High income",9.18611983463536,61.2756005207604,9.551,80.745399056691
"1541",0.285097153185721,2020,"POL","Poland","Europe & Central Asia","High income",9.62180231931431,59.8738141138092,3.155,99.2590912303436
"1542",0.285097153185721,2021,"POL","Poland","Europe & Central Asia","High income",9.70312160873207,59.8096513205543,3.268,110.874283021945
"1543",0.289095345684591,2022,"POL","Poland","Europe & Central Asia","High income",9.75867244865389,59.8315488048321,2.811,123.021332860345
"1544",0.285097153185721,2023,"POL","Poland","Europe & Central Asia","High income",9.76482203215877,59.8859561370214,2.743,110.024935041815
"1545",0.323079981924989,1999,"POL","Poland","Europe & Central Asia","High income",8.85349323484775,61.7291881056396,12.29,53.8980187624686
"1546",0.330076818798012,2000,"POL","Poland","Europe & Central Asia","High income",8.90944836141816,61.7459160613903,14.928,60.6107209423297
"1547",0.328077722548577,2001,"POL","Poland","Europe & Central Asia","High income",8.9219861930491,61.7557708646056,18.435,57.8785312712895
"1548",0.341071848169905,2002,"POL","Poland","Europe & Central Asia","High income",8.94128285768953,61.7581534555696,20.211,60.7967990573911
"1549",0.318082241301401,2015,"POL","Poland","Europe & Central Asia","High income",9.44442560674486,60.3362886805635,7.475,92.2554272741942
"1550",0.380054225033891,2004,"POL","Poland","Europe & Central Asia","High income",9.02682463093347,61.6555172559989,18.822,70.9815765694162
"1551",0.358064166290104,2005,"POL","Poland","Europe & Central Asia","High income",9.0593519816187,61.5497010774856,17.592,70.3114790902584
"1552",0.30208947130592,2018,"POL","Poland","Europe & Central Asia","High income",9.58542084217039,60.0533306480907,3.835,102.442462168005
"1553",0.288095797559873,2019,"POL","Poland","Europe & Central Asia","High income",9.63045163707618,59.9626184068963,3.267,101.581033817373
"1554",0.332075915047447,2011,"POL","Poland","Europe & Central Asia","High income",9.33876115251882,60.7357090652544,9.576,86.9236892837618
"1555",0.330076818798012,2012,"POL","Poland","Europe & Central Asia","High income",9.35376822466636,60.6341632788866,10.031,88.8299033066583
"1556",0.334075011296882,2009,"POL","Poland","Europe & Central Asia","High income",9.25402504086132,60.9800753477,8.131,74.9685965264269
"1557",0.323079981924989,1998,"POL","Poland","Europe & Central Asia","High income",8.80748906159393,61.7057783335144,9.935,56.5460556555084
"1558",0.332075915047447,2010,"POL","Poland","Europe & Central Asia","High income",9.28807866351418,60.8474783987677,9.578,82.2258523219922
"1559",0.312084952553095,2016,"POL","Poland","Europe & Central Asia","High income",9.47471691037499,60.2402284228997,6.141,96.8659028060623
"1560",0.331076366922729,2013,"POL","Poland","Europe & Central Asia","High income",9.36119092788997,60.5333187465323,10.293,90.4175072415629
"1561",0.328077722548577,2014,"POL","Poland","Europe & Central Asia","High income",9.4003954709245,60.4340063344328,8.971,92.0340197113178
"1562",0.297091730682332,2017,"POL","Poland","Europe & Central Asia","High income",9.52483319886918,60.145888199417,4.867,100.56589524628
"1563",0.362062358788974,2013,"PRT","Portugal","Europe & Central Asia","High income",9.83079435017561,61.1405315215642,16.188,78.0305056874282
"1564",0.356065070040669,2014,"PRT","Portugal","Europe & Central Asia","High income",9.84357282107584,61.1394537361116,13.897,80.220669072079
"1565",0.36805964753728,2007,"PRT","Portugal","Europe & Central Asia","High income",9.9024655618855,59.7481128966109,7.965,69.9461175817991
"1566",0.363061906913692,2011,"PRT","Portugal","Europe & Central Asia","High income",9.87249416062796,61.1410698395502,12.682,73.0075756700531
"1567",0.360063262539539,2012,"PRT","Portugal","Europe & Central Asia","High income",9.83519600714964,61.1409793914666,15.531,75.9411067187813
"1568",0.352066877541798,2016,"PRT","Portugal","Europe & Central Asia","High income",9.88648498077861,61.1343011242723,11.068,79.5223464844001
"1569",0.388050610031631,2003,"PRT","Portugal","Europe & Central Asia","High income",9.84408468475911,56.5865509520713,6.132,61.1389474883653
"1570",0.355065521915951,2015,"PRT","Portugal","Europe & Central Asia","High income",9.86348716318895,61.137469211538,12.447,80.6346756266443
"1571",0.381053773158608,2006,"PRT","Portugal","Europe & Central Asia","High income",9.87967180615114,59.0340947058419,7.649,68.5470531182009
"1572",0.346069588793493,2021,"PRT","Portugal","Europe & Central Asia","High income",9.94019063148218,61.0951249296597,6.577,85.8735452148975
"1573",0.366060551287845,2008,"PRT","Portugal","Europe & Central Asia","High income",9.90421103740784,60.3510029424595,7.553,72.0757429221604
"1574",0.385051965657479,2005,"PRT","Portugal","Europe & Central Asia","High income",9.86535540103972,58.2450763389585,7.582,62.944504560452
"1575",0.358064166290104,2010,"PRT","Portugal","Europe & Central Asia","High income",9.88830709417586,61.0788867241731,10.771,67.6892401927983
"1576",0.347069136918211,2020,"PRT","Portugal","Europe & Central Asia","High income",9.89236158549837,61.1042566768691,6.801,76.5086407209215
"1577",0.338073203795752,2017,"PRT","Portugal","Europe & Central Asia","High income",9.92153355323912,61.1296726507436,8.869,84.8077923069539
"1578",0.349068233167646,2009,"PRT","Portugal","Europe & Central Asia","High income",9.87153918978338,60.8066368745822,9.432,61.4926935267759
"1579",0.328077722548577,2019,"PRT","Portugal","Europe & Central Asia","High income",9.97902106947073,61.114927250613,6.464,86.7709889083586
"1580",0.389050158156349,2004,"PRT","Portugal","Europe & Central Asia","High income",9.85942265391375,57.4171857647664,6.319,63.2045936670279
"1581",0.33907275192047,2023,"PRT","Portugal","Europe & Central Asia","High income",10.0175820867577,61.2048652633664,6.509,93.1358537072038
"1582",0.363061906913692,2022,"PRT","Portugal","Europe & Central Asia","High income",10.0007443831296,61.1259255772782,6.011,101.364146479435
"1583",0.3350745594216,2018,"PRT","Portugal","Europe & Central Asia","High income",9.95217173959977,61.1233069673808,6.994,86.7356954918399
"1584",0.351067329417081,2017,"QAT","Qatar","Middle East & North Africa","High income",11.07438366884,99.0310125265978,0.14,91.4945574785855
"1585",0.346069588793493,2020,"ROU","Romania","Europe & Central Asia","High income",9.29229350886828,52.611947245178,5.035,78.3616463562709
"1586",0.360063262539539,2014,"ROU","Romania","Europe & Central Asia","High income",9.06664019177797,53.8267187624053,6.802,83.3751429575201
"1587",0.359063714414821,2015,"ROU","Romania","Europe & Central Asia","High income",9.10242297712941,53.7071839518893,6.812,83.5205767017155
"1588",0.358064166290104,2018,"ROU","Romania","Europe & Central Asia","High income",9.27932245420478,53.1445711571868,4.187,87.0911701095809
"1589",0.344070492544058,2016,"ROU","Romania","Europe & Central Asia","High income",9.13635758393371,53.5528171972639,5.901,85.8925282906884
"1590",0.348068685042928,2019,"ROU","Romania","Europe & Central Asia","High income",9.32342941174775,52.8931835224862,3.912,84.9063630584793
"1591",0.323079981924989,2022,"ROU","Romania","Europe & Central Asia","High income",9.39900041316681,52.1634832477272,5.614,93.9496509383447
"1592",0.298091278807049,2023,"ROU","Romania","Europe & Central Asia","High income",9.42066750685557,52.1645747011867,5.589,83.3753324062231
"1593",0.255110709444193,1992,"ROU","Romania","Europe & Central Asia","High income",8.3087162093632,54.3130567791968,8.26,63.9902474623499
"1594",0.33907275192047,2021,"ROU","Romania","Europe & Central Asia","High income",9.35412226696535,52.2321512130811,5.59,87.0711965460145
"1595",0.294093086308179,1999,"ROU","Romania","Europe & Central Asia","High income",8.40150873580348,53.0197228815939,6.239,57.9736750449875
"1596",0.293093538183461,2000,"ROU","Romania","Europe & Central Asia","High income",8.42711775989216,52.8619549004535,6.969,48.5213253850786
"1597",0.294093086308179,2001,"ROU","Romania","Europe & Central Asia","High income",8.49193755709017,52.764808691157,6.561,51.9285910211481
"1598",0.360063262539539,2017,"ROU","Romania","Europe & Central Asia","High income",9.22090704312248,53.3648643239046,4.927,87.1560645667801
"1599",0.300090375056484,2004,"ROU","Romania","Europe & Central Asia","High income",8.70095379305744,52.9175295523808,7.719,60.6264786669408
"1600",0.298091278807049,2005,"ROU","Romania","Europe & Central Asia","High income",8.75275376712743,53.074507031037,7.174,59.3605494490555
"1601",0.282098508811568,1994,"ROU","Romania","Europe & Central Asia","High income",8.3652698494029,54.0905691656188,8.17,51.8670700671661
"1602",0.312084952553095,1995,"ROU","Romania","Europe & Central Asia","High income",8.4277624611049,53.8985438392597,8.01,56.291225396158
"1603",0.305088115680072,1997,"ROU","Romania","Europe & Central Asia","High income",8.42214983273238,53.4454304223393,5.515,63.205242332383
"1604",0.311085404428378,1998,"ROU","Romania","Europe & Central Asia","High income",8.40371266822836,53.2201892003114,5.63,53.838795710082
"1605",0.365061003163127,2012,"ROU","Romania","Europe & Central Asia","High income",9.01606187919422,53.9563092496073,6.794,76.5943239913672
"1606",0.369059195661997,2013,"ROU","Romania","Europe & Central Asia","High income",9.02255895011613,53.9101758034365,7.096,81.3976131747183
"1607",0.356065070040669,2009,"ROU","Romania","Europe & Central Asia","High income",8.97776126810136,53.7875150259042,6.859,58.4700583666529
"1608",0.30208947130592,2002,"ROU","Romania","Europe & Central Asia","High income",8.56570711673555,52.7466427937759,8.112,53.7102478139376
"1609",0.299090826931767,2003,"ROU","Romania","Europe & Central Asia","High income",8.59606136799117,52.8023493819682,6.95,56.1795270470243
"1610",0.364061455038409,2008,"ROU","Romania","Europe & Central Asia","High income",9.02617753241553,53.6297858153706,5.787,65.1752009979412
"1611",0.396046995029372,2006,"ROU","Romania","Europe & Central Asia","High income",8.83590556750941,53.2566380678272,7.27,61.6836259265159
"1612",0.375056484410303,2007,"ROU","Romania","Europe & Central Asia","High income",8.92051918100169,53.4472789126416,6.413,63.5051566734658
"1613",0.355065521915951,2010,"ROU","Romania","Europe & Central Asia","High income",8.94385951387169,53.9038227941329,6.959,69.9549354932718
"1614",0.359063714414821,2011,"ROU","Romania","Europe & Central Asia","High income",8.99275285095176,53.9608874244169,7.177,76.271356441629
"1615",0.330076818798012,2023,"RUS","Russian Federation","Europe & Central Asia","High income",9.26502042968371,74.9805047873279,3.076,40.8343264105273
"1616",0.353066425666516,2018,"RUS","Russian Federation","Europe & Central Asia","High income",9.17727851345692,74.5442926137992,4.871,51.5809003703964
"1617",0.357064618165386,2019,"RUS","Russian Federation","Europe & Central Asia","High income",9.19847266996149,74.6222859951926,4.513,49.2287536619033
"1618",0.337073655671035,2020,"RUS","Russian Federation","Europe & Central Asia","High income",9.17287992895049,74.6932216791674,5.62,45.9669082029127
"1619",0.351067329417081,2021,"RUS","Russian Federation","Europe & Central Asia","High income",9.23320872252657,74.7516840220252,4.749,50.5861954621752
"1620",0.33907275192047,2022,"RUS","Russian Federation","Europe & Central Asia","High income",9.22217630021034,74.8544893625017,3.867,42.7827864294811
"1621",0.461017623136015,1996,"RUS","Russian Federation","Europe & Central Asia","High income",8.45251872353833,73.0623092651367,9.665,47.922500819419
"1622",0.384052417532761,1997,"RUS","Russian Federation","Europe & Central Asia","High income",8.46807423784993,73.1156616210938,11.813,47.2569214100748
"1623",0.381053773158608,1998,"RUS","Russian Federation","Europe & Central Asia","High income",8.41527325624389,73.1912078857422,13.261,55.7722532849766
"1624",0.374056936285585,1999,"RUS","Russian Federation","Europe & Central Asia","High income",8.48040064506592,72.96533203125,13.036,69.393281498812
"1625",0.371058291911432,2000,"RUS","Russian Federation","Europe & Central Asia","High income",8.57991753741521,73.1568222045898,10.581,68.0939070373555
"1626",0.369059195661997,2001,"RUS","Russian Federation","Europe & Central Asia","High income",8.63390108334045,73.22998046875,8.978,61.1108586644206
"1627",0.373057388160868,2002,"RUS","Russian Federation","Europe & Central Asia","High income",8.68443019204157,73.2929008030615,7.875,59.6454457319607
"1628",0.400045187528242,2003,"RUS","Russian Federation","Europe & Central Asia","High income",8.75942595690701,73.4057388305664,8.21,59.1282690076014
"1629",0.403043831902395,2004,"RUS","Russian Federation","Europe & Central Asia","High income",8.83297837934299,73.3065795898438,7.763,56.5818523984055
"1630",0.413039313149571,2005,"RUS","Russian Federation","Europe & Central Asia","High income",8.89882796643137,73.1613922119141,7.124,56.7132484905422
"1631",0.454020786262991,1993,"RUS","Russian Federation","Europe & Central Asia","High income",8.66542603260341,73.0590972900391,5.883,68.6984432394613
"1632",0.398046091278807,2009,"RUS","Russian Federation","Europe & Central Asia","High income",9.03382609990302,73.5288696289062,8.301,48.4350610278181
"1633",0.395047446904654,2010,"RUS","Russian Federation","Europe & Central Asia","High income",9.0773939644645,73.6696307887624,7.407,50.3555054872589
"1634",0.397046543154089,2011,"RUS","Russian Federation","Europe & Central Asia","High income",9.11831502556948,73.8534851074219,6.571,48.0353994077919
"1635",0.407042024401265,2012,"RUS","Russian Federation","Europe & Central Asia","High income",9.15525154071543,73.97265625,5.484,47.1513903857957
"1636",0.4090411206507,2013,"RUS","Russian Federation","Europe & Central Asia","High income",9.1696784801987,74.0762949770228,5.513,46.287149400499
"1637",0.369059195661997,2014,"RUS","Russian Federation","Europe & Central Asia","High income",9.15839554960089,74.1776476748791,5.212,47.8013412628116
"1638",0.365061003163127,2015,"RUS","Russian Federation","Europe & Central Asia","High income",9.13537044491238,74.275919065527,5.615,49.3593493116887
"1639",0.367060099412562,2016,"RUS","Russian Federation","Europe & Central Asia","High income",9.13446522932008,74.3703138709243,5.591,46.5181198396096
"1640",0.355065521915951,2017,"RUS","Russian Federation","Europe & Central Asia","High income",9.15047508093578,74.460036813029,5.238,46.8765243371311
"1641",0.410040668775418,2006,"RUS","Russian Federation","Europe & Central Asia","High income",8.9809142481501,73.2439193725586,7.055,54.733401867266
"1642",0.423034794396746,2007,"RUS","Russian Federation","Europe & Central Asia","High income",9.06420488036864,73.3856048583984,6.002,51.7061227454606
"1643",0.416037957523724,2008,"RUS","Russian Federation","Europe & Central Asia","High income",9.11533716653478,73.4822463989258,6.205,53.3824660408908
"1644",0.485006778129236,2000,"RWA","Rwanda","Sub-Saharan Africa","Low income",5.80920825861326,15.7804474645996,11.731,27.4848638250445
"1645",0.519990962494352,2005,"RWA","Rwanda","Sub-Saharan Africa","Low income",6.10038578753631,16.9072114459454,11.854,34.2165383418652
"1646",0.472012652507908,2010,"RWA","Rwanda","Sub-Saharan Africa","Low income",6.368824061409,16.9255580310614,11.673,37.2788790923351
"1647",0.437028468142793,2016,"RWA","Rwanda","Sub-Saharan Africa","Low income",6.63280025714914,19.1213951786548,11.801,49.4849071069892
"1648",0.451022141888839,2013,"RWA","Rwanda","Sub-Saharan Africa","Low income",6.50190327921581,17.0742206053612,11.785,42.6934924295362
"1649",0.394047898779937,2023,"RWA","Rwanda","Sub-Saharan Africa","Low income",6.91207808866288,28.8555310645477,12.352,64.9069041420041
"1650",0.407042024401265,2002,"WSM","Samoa","East Asia & Pacific","Lower middle income",8.09905079935695,21.9431903680112,4.975,87.9199711386734
"1651",0.420036150022594,2008,"WSM","Samoa","East Asia & Pacific","Lower middle income",8.27534436540755,20.4038457706991,5.539,73.8864270586579
"1652",0.387051061906914,2013,"WSM","Samoa","East Asia & Pacific","Lower middle income",8.28813037896121,19.3865949620667,8.773,77.877751737476
"1653",0.403043831902395,2011,"SEN","Senegal","Sub-Saharan Africa","Lower middle income",7.03855937497249,44.0689668509475,2.853,57.5768785989578
"1654",0.383052869408043,2018,"SEN","Senegal","Sub-Saharan Africa","Lower middle income",7.21162765968195,48.9001692274485,3.455,61.7898394793183
"1655",0.362062358788974,2021,"SEN","Senegal","Sub-Saharan Africa","Lower middle income",7.25455932314649,52.2260292191155,3.44,69.3759939883832
"1656",0.412039765024853,2001,"SEN","Senegal","Sub-Saharan Africa","Lower middle income",6.97295189493963,40.8763420163126,2.7,49.7205780648314
"1657",0.539981924988703,1991,"SEN","Senegal","Sub-Saharan Africa","Lower middle income",6.89632238767523,39.1402262390545,2.867,42.1828996492748
"1658",0.392048802530502,1994,"SEN","Senegal","Sub-Saharan Africa","Lower middle income",6.8402171360846,39.6503464421449,2.941,54.7381345984609
"1659",0.392048802530502,2005,"SEN","Senegal","Sub-Saharan Africa","Lower middle income",7.02023586435654,41.9057599695838,2.703,54.9032435689485
"1660",0.328077722548577,2022,"SRB","Serbia","Europe & Central Asia","Upper middle income",8.96991762572078,61.9013813540396,8.439,131.913292283516
"1661",0.361062810664257,2017,"SRB","Serbia","Europe & Central Asia","Upper middle income",8.73234669690741,60.621208190918,13.477,102.740445166934
"1662",0.350067781292363,2018,"SRB","Serbia","Europe & Central Asia","Upper middle income",8.78325527168967,60.8433609008789,12.733,105.563713028559
"1663",0.345070040668775,2019,"SRB","Serbia","Europe & Central Asia","Upper middle income",8.83502972977784,61.0492248535156,10.395,107.577309546092
"1664",0.350067781292363,2020,"SRB","Serbia","Europe & Central Asia","Upper middle income",8.83214515072789,61.223201751709,9.011,100.324460810129
"1665",0.331076366922729,2021,"SRB","Serbia","Europe & Central Asia","Upper middle income",8.91807126324381,61.363899230957,9.843,112.342298324945
"1666",0.327078174423859,2002,"SRB","Serbia","Europe & Central Asia","Upper middle income",8.30366637867948,56.462901503343,13.8,54.302882889577
"1667",0.328077722548577,2003,"SRB","Serbia","Europe & Central Asia","Upper middle income",8.35084965130724,56.8784264526306,15.2,58.2946720222191
"1668",0.276101220063263,2008,"SRB","Serbia","Europe & Central Asia","Upper middle income",8.65450826908547,58.8944613226962,13.67,75.7432462868839
"1669",0.290094893809309,2010,"SRB","Serbia","Europe & Central Asia","Upper middle income",8.64658911734339,59.3505550689338,19.204,73.7088615865295
"1670",0.399045639403525,2012,"SRB","Serbia","Europe & Central Asia","Upper middle income",8.65509383784618,59.3468437194824,24,82.0766814348254
"1671",0.394047898779937,2013,"SRB","Serbia","Europe & Central Asia","Upper middle income",8.66446359552325,59.6111068725586,22.154,84.3322563766638
"1672",0.404043380027112,2014,"SRB","Serbia","Europe & Central Asia","Upper middle income",8.65111908873219,59.8779373168945,19.223,88.3815023270446
"1673",0.40504292815183,2015,"SRB","Serbia","Europe & Central Asia","Upper middle income",8.66911078966123,60.1388092041016,17.66,93.5281477663237
"1674",0.388050610031631,2016,"SRB","Serbia","Europe & Central Asia","Upper middle income",8.70366571211625,60.3853870034026,15.257,97.6906940431804
"1675",0.355065521915951,2004,"SRB","Serbia","Europe & Central Asia","Upper middle income",8.41791082998456,57.3144555999278,18.5,72.2876162455649
"1676",0.365061003163127,2005,"SRB","Serbia","Europe & Central Asia","Upper middle income",8.47827322182603,57.7508909888183,20.85,71.9925488520017
"1677",0.297091730682332,2006,"SRB","Serbia","Europe & Central Asia","Upper middle income",8.52047039416079,58.1709152910668,20.85,75.529235364472
"1678",0.287096249435156,2007,"SRB","Serbia","Europe & Central Asia","Upper middle income",8.59992990532017,58.5577111784378,18.06,72.7165875771534
"1679",0.280099412562133,2009,"SRB","Serbia","Europe & Central Asia","Upper middle income",8.62658771486729,59.1643483956067,16.116,63.5017226157541
"1680",0.402044283777677,2003,"SLE","Sierra Leone","Sub-Saharan Africa","Low income",6.6921662316752,36.2690511597053,3.879,46.4464363702625
"1681",0.357064618165386,2018,"SLE","Sierra Leone","Sub-Saharan Africa","Low income",6.92330163543066,42.2011025267803,3.192,37.3774604106006
"1682",0.340072300045188,2011,"SLE","Sierra Leone","Sub-Saharan Africa","Low income",6.85726246733813,39.0472153491602,4.54,43.7807969332619
"1683",0.271103479439675,2004,"SVK","Slovak Republic","Europe & Central Asia","High income",9.27969946041337,55.5843833415875,18.206,140.222460021585
"1684",0.293093538183461,2005,"SVK","Slovak Republic","Europe & Central Asia","High income",9.342434676747,55.4189847597721,16.276,148.705461161746
"1685",0.232121102575689,2017,"SVK","Slovak Republic","Europe & Central Asia","High income",9.75239072250404,53.6126018237016,8.142,186.644687399549
"1686",0.250112968820606,2018,"SVK","Slovak Republic","Europe & Central Asia","High income",9.7908234816966,53.4881496935559,6.544,188.732964699496
"1687",0.258109353818346,2006,"SVK","Slovak Republic","Europe & Central Asia","High income",9.42788439908414,55.2464278407442,13.395,164.992205726236
"1688",0.247114324446453,2007,"SVK","Slovak Republic","Europe & Central Asia","High income",9.53031732561315,55.0707354484001,11.16,166.580025216882
"1689",0.260108450067781,2008,"SVK","Slovak Republic","Europe & Central Asia","High income",9.5817046975785,54.895930446636,9.514,162.464472991641
"1690",0.272103027564392,2009,"SVK","Slovak Republic","Europe & Central Asia","High income",9.52374528546728,54.7260356993483,12.023,136.714352092364
"1691",0.27310257568911,2010,"SVK","Slovak Republic","Europe & Central Asia","High income",9.58851292203843,54.5650740704331,14.387,155.108497681586
"1692",0.265106190691369,2011,"SVK","Slovak Republic","Europe & Central Asia","High income",9.6125250064002,54.4167387988534,13.634,169.178076311066
"1693",0.261107998192499,2012,"SVK","Slovak Republic","Europe & Central Asia","High income",9.62639303638113,54.2764528316182,13.966,176.968958181431
"1694",0.261107998192499,2014,"SVK","Slovak Republic","Europe & Central Asia","High income",9.6580759723116,54.0029125499893,11.536,176.756316098132
"1695",0.265106190691369,2015,"SVK","Slovak Republic","Europe & Central Asia","High income",9.70759894324071,53.8700628001622,11.492,179.42602289503
"1696",0.252112065070041,2016,"SVK","Slovak Republic","Europe & Central Asia","High income",9.72560063216923,53.7399327086517,9.679,182.757379596201
"1697",0.202134658834162,1992,"SVK","Slovak Republic","Europe & Central Asia","High income",8.83102537589248,56.807175465707,12.192,131.441897608458
"1698",0.241117035698147,2021,"SVK","Slovak Republic","Europe & Central Asia","High income",9.84206173123325,53.1901479870605,6.894,181.97948448512
"1699",0.263107094441934,1996,"SVK","Slovak Republic","Europe & Central Asia","High income",9.01345308078001,56.5346381613813,11.341,110.817704215698
"1700",0.242116583822865,2020,"SVK","Slovak Republic","Europe & Central Asia","High income",9.78492113175508,53.2481998906526,6.719,167.534173320366
"1701",0.241117035698147,2022,"SVK","Slovak Republic","Europe & Central Asia","High income",9.85034148176861,53.1902831072528,6.143,204.056318531151
"1702",0.232121102575689,2019,"SVK","Slovak Republic","Europe & Central Asia","High income",9.81197406976346,53.3666558664583,5.761,183.722608631236
"1703",0.238118391323995,2023,"SVK","Slovak Republic","Europe & Central Asia","High income",9.87217092607487,53.190805019646,5.84,181.39087235645
"1704",0.28109896068685,2013,"SVK","Slovak Republic","Europe & Central Asia","High income",9.63232707389952,54.1384024098892,14.226,180.903136491458
"1705",0.249113420695888,2010,"SVN","Slovenia","Europe & Central Asia","High income",9.92545059590239,50.1194862794826,7.236,128.606575425363
"1706",0.254111161319476,2015,"SVN","Slovenia","Europe & Central Asia","High income",9.93775732097635,53.6612160294144,8.962,147.218367714503
"1707",0.249113420695888,2011,"SVN","Slovenia","Europe & Central Asia","High income",9.92990626360545,49.9463818748723,8.166,140.332355750319
"1708",0.24811387257117,2009,"SVN","Slovenia","Europe & Central Asia","High income",9.91875140655035,50.2439782050416,5.858,114.482301023638
"1709",0.246114776321735,2018,"SVN","Slovenia","Europe & Central Asia","High income",10.0559496646202,55.1913430955675,5.108,162.613493975851
"1710",0.2441156800723,2019,"SVN","Slovenia","Europe & Central Asia","High income",10.083438806338,55.4523277282715,4.446,160.044275685249
"1711",0.24011748757343,2020,"SVN","Slovenia","Europe & Central Asia","High income",10.0350334464779,55.384391784668,4.971,147.549008584942
"1712",0.243116131947582,2021,"SVN","Slovenia","Europe & Central Asia","High income",10.1131583949757,55.3046289429588,4.744,161.788727511439
"1713",0.243116131947582,2022,"SVN","Slovenia","Europe & Central Asia","High income",10.1375993705995,55.3377817873563,4.011,186.647076274632
"1714",0.247114324446453,2023,"SVN","Slovenia","Europe & Central Asia","High income",10.1571176924002,55.5378927789875,3.652,160.1596693009
"1715",0.256110257568911,2012,"SVN","Slovenia","Europe & Central Asia","High income",9.89821717830354,49.7619476318359,8.841,143.656448572975
"1716",0.262107546317216,2013,"SVN","Slovenia","Europe & Central Asia","High income",9.88858803395893,50.0466580754027,10.103,145.168789432403
"1717",0.257109805693629,2014,"SVN","Slovenia","Europe & Central Asia","High income",9.91485807239575,50.983470916748,9.668,146.471705096746
"1718",0.24811387257117,2016,"SVN","Slovenia","Europe & Central Asia","High income",9.96691822025698,53.647274017334,8,148.238448080388
"1719",0.242116583822865,2017,"SVN","Slovenia","Europe & Central Asia","High income",10.0167163890563,55.2451133728027,6.564,158.70213584467
"1720",0.291094441934026,1993,"SVN","Slovenia","Europe & Central Asia","High income",9.40082365437618,50.3572006225586,8.51,96.0223552504566
"1721",0.241117035698147,1997,"SVN","Slovenia","Europe & Central Asia","High income",9.57503007394696,50.3755853554947,6.658,96.4295395033677
"1722",0.284097605061003,1998,"SVN","Slovenia","Europe & Central Asia","High income",9.60738953033533,50.4899621472228,7.4,97.068081542623
"1723",0.24011748757343,1999,"SVN","Slovenia","Europe & Central Asia","High income",9.6580145817573,50.6024207997953,7.33,92.9581874247278
"1724",0.24811387257117,2004,"SVN","Slovenia","Europe & Central Asia","High income",9.82147783480635,50.7124410611224,6.012,112.399933466762
"1725",0.291094441934026,2002,"SVN","Slovenia","Europe & Central Asia","High income",9.74681375452093,50.7744556266555,5.922,104.880458289416
"1726",0.309086308178943,2003,"SVN","Slovenia","Europe & Central Asia","High income",9.77766130507396,50.7553842628349,6.479,103.280027127626
"1727",0.237118843199277,2008,"SVN","Slovenia","Europe & Central Asia","High income",10.0067314928358,50.3620036820409,4.371,135.387093664802
"1728",0.246114776321735,2005,"SVN","Slovenia","Europe & Central Asia","High income",9.8575628561602,50.648781400021,6.506,121.127284217914
"1729",0.2441156800723,2006,"SVN","Slovenia","Europe & Central Asia","High income",9.91177969465697,50.5672552816963,5.95,130.517913086158
"1730",0.2441156800723,2007,"SVN","Slovenia","Europe & Central Asia","High income",9.97514664613633,50.4707127083144,4.818,137.66309435102
"1731",0.461017623136015,2005,"SLB","Solomon Islands","East Asia & Pacific","Lower middle income",7.47064616903244,17.6001415877737,1.885,66.5710765635257
"1732",0.371058291911432,2012,"SLB","Solomon Islands","East Asia & Pacific","Lower middle income",7.65250496897003,21.3906964219987,0.984,104.823434628967
"1733",0.577964753727971,2000,"ZAF","South Africa","Sub-Saharan Africa","Upper middle income",8.45550405864801,56.2589954883628,22.714,46.2207217354077
"1734",0.592957975598735,1993,"ZAF","South Africa","Sub-Saharan Africa","Upper middle income",8.34131441797383,52.893505042748,23.179,35.6981243460429
"1735",0.629941256213285,2008,"ZAF","South Africa","Sub-Saharan Africa","Upper middle income",8.7011333760894,61.7692983894896,22.407,65.9745237996233
"1736",0.633939448712155,2010,"ZAF","South Africa","Sub-Saharan Africa","Upper middle income",8.69180931498432,62.6299120560569,24.683,50.4060871625999
"1737",0.629941256213285,2014,"ZAF","South Africa","Sub-Saharan Africa","Upper middle income",8.72502099631512,63.1352327065742,24.89,59.4995740550593
"1738",0.647933122458202,2005,"ZAF","South Africa","Sub-Saharan Africa","Upper middle income",8.59527875074405,59.8241758378997,22.461,47.4277813970329
"1739",0.46301671938545,2009,"SSD","South Sudan","Sub-Saharan Africa","Low income",7.73796583749378,17.2937284639317,12.463,94.8357640879963
"1740",0.334075011296882,2023,"ESP","Spain","Europe & Central Asia","High income",10.2597145155076,80.128491001856,12.179,71.7976366055733
"1741",0.336074107546317,2022,"ESP","Spain","Europe & Central Asia","High income",10.2471875112007,79.9548794567814,12.917,78.4657338703054
"1742",0.357064618165386,1993,"ESP","Spain","Europe & Central Asia","High income",9.87274444605393,75.3443453546763,22.156,36.9951619593819
"1743",0.349068233167646,2020,"ESP","Spain","Europe & Central Asia","High income",10.129707163242,79.6955674617799,15.532,59.4461280147076
"1744",0.33907275192047,2021,"ESP","Spain","Europe & Central Asia","High income",10.1926196824174,79.7846242983598,14.781,66.524588943191
"1745",0.365061003163127,1996,"ESP","Spain","Europe & Central Asia","High income",9.93589860738898,75.6972244638181,22.142,46.2977506718533
"1746",0.353066425666516,1997,"ESP","Spain","Europe & Central Asia","High income",9.96695195899864,75.804258976453,20.698,51.2271398594527
"1747",0.351067329417081,1994,"ESP","Spain","Europe & Central Asia","High income",9.89153584602635,75.4723725309182,24.209,41.6958801099563
"1748",0.357064618165386,1995,"ESP","Spain","Europe & Central Asia","High income",9.91432378759477,75.588297274636,22.675,44.8306279725111
"1749",0.347069136918211,2017,"ESP","Spain","Europe & Central Asia","High income",10.2192569938098,79.4663233085683,17.224,66.167446137857
"1750",0.347069136918211,2018,"ESP","Spain","Europe & Central Asia","High income",10.2384129701154,79.5580057813361,15.255,67.0094103982921
"1751",0.34307094441934,2019,"ESP","Spain","Europe & Central Asia","High income",10.2506679443505,79.6349761108307,14.104,66.3662250440692
"1752",0.3350745594216,2006,"ESP","Spain","Europe & Central Asia","High income",10.1998478159391,77.4968648783202,8.452,56.0839263823216
"1753",0.341071848169905,2007,"ESP","Spain","Europe & Central Asia","High income",10.2160620499708,77.7738937890987,8.232,57.6269487657546
"1754",0.342071396294623,2008,"ESP","Spain","Europe & Central Asia","High income",10.2077511249415,78.0421438998777,11.254,55.8281315172523
"1755",0.349068233167646,2009,"ESP","Spain","Europe & Central Asia","High income",10.1604841390407,78.2919921861701,17.857,46.8366899971109
"1756",0.352066877541798,2010,"ESP","Spain","Europe & Central Asia","High income",10.1568208364338,78.5138156234888,19.86,52.6933699734019
"1757",0.346069588793493,1998,"ESP","Spain","Europe & Central Asia","High income",10.0049336193105,75.9145056905294,18.673,52.730313072059
"1758",0.338073203795752,1999,"ESP","Spain","Europe & Central Asia","High income",10.0440247930432,76.0330694840356,15.475,54.6969131882495
"1759",0.341071848169905,2000,"ESP","Spain","Europe & Central Asia","High income",10.0902526327797,76.1650552349602,13.785,60.1216241049216
"1760",0.318082241301401,2003,"ESP","Spain","Europe & Central Asia","High income",10.1456948452576,76.709335590859,11.283,53.4357897202258
"1761",0.333075463172164,2004,"ESP","Spain","Europe & Central Asia","High income",10.1591103228151,76.9549627547133,11.09,54.4795182656074
"1762",0.324079530049706,2005,"ESP","Spain","Europe & Central Asia","High income",10.1771130698068,77.2206801920294,9.146,54.6991667043772
"1763",0.361062810664257,2014,"ESP","Spain","Europe & Central Asia","High income",10.1245429752501,79.1196713833488,24.441,63.39926213895
"1764",0.357064618165386,2011,"ESP","Spain","Europe & Central Asia","High income",10.1468476834126,78.695397956495,21.39,58.5118228859632
"1765",0.354065973791234,2012,"ESP","Spain","Europe & Central Asia","High income",10.1171288308934,78.8455680301618,24.789,60.5540346961864
"1766",0.362062358788974,2013,"ESP","Spain","Europe & Central Asia","High income",10.1063694540118,78.9858086902112,26.094,61.6687726441327
"1767",0.362062358788974,2015,"ESP","Spain","Europe & Central Asia","High income",10.1651762665545,79.2454892743023,22.057,63.5820412248232
"1768",0.358064166290104,2016,"ESP","Spain","Europe & Central Asia","High income",10.1931393423277,79.3615955277997,19.635,63.1886778507294
"1769",0.402044283777677,2002,"LKA","Sri Lanka","South Asia","Lower middle income",7.57621277617978,14.6107836754127,8.76,76.3351317826517
"1770",0.354065973791234,1995,"LKA","Sri Lanka","South Asia","Lower middle income",7.4273526375957,15.8652068539762,12.27,81.6350490886111
"1771",0.393048350655219,2016,"LKA","Sri Lanka","South Asia","Lower middle income",8.34634346402413,18.9747679368162,4.242,46.4715370252187
"1772",0.397046543154089,2006,"LKA","Sri Lanka","South Asia","Lower middle income",7.79414282720723,15.4829275281105,6.5,71.2611784883009
"1773",0.377055580659738,2019,"LKA","Sri Lanka","South Asia","Lower middle income",8.40195783428774,19.4946326418437,4.67,49.42552388546
"1774",0.361062810664257,2009,"LKA","Sri Lanka","South Asia","Lower middle income",7.93281916036442,16.7428136405592,5.85,49.1491415308235
"1775",0.342071396294623,2014,"SDN","Sudan","Sub-Saharan Africa","Low income",7.17578779347672,33.7624582408117,15.411,20.8451090041313
"1776",0.354065973791234,2009,"SDN","Sudan","Sub-Saharan Africa","Low income",7.17115538373492,32.5774622972843,13,32.7808783344833
"1777",0.262107546317216,2002,"SWE","Sweden","Europe & Central Asia","High income",10.665035125344,84.1342508376823,4.965,77.0853186972402
"1778",0.253111613194758,2003,"SWE","Sweden","Europe & Central Asia","High income",10.6799497473142,84.1954289653543,5.555,75.3282174864238
"1779",0.270103931314957,2000,"SWE","Sweden","Europe & Central Asia","High income",10.6349361479488,84.0400009155273,5.466,81.4721590850121
"1780",0.265106190691369,2001,"SWE","Sweden","Europe & Central Asia","High income",10.6457677487293,84.0827152824223,4.73,80.5691828117714
"1781",0.249113420695888,1992,"SWE","Sweden","Europe & Central Asia","High income",10.4244768206664,83.6078889853357,5.722,50.8524074665653
"1782",0.252112065070041,1995,"SWE","Sweden","Europe & Central Asia","High income",10.4649420455943,83.9000015258789,8.897,68.6810841853675
"1783",0.276101220063263,2012,"SWE","Sweden","Europe & Central Asia","High income",10.7952763627487,85.6250668883122,7.976,85.2980605424359
"1784",0.288095797559873,2013,"SWE","Sweden","Europe & Central Asia","High income",10.7981153158,85.9249771259894,8.052,81.6402521329964
"1785",0.284097605061003,2014,"SWE","Sweden","Europe & Central Asia","High income",10.8108912789951,86.2563838747314,7.954,83.8229810483527
"1786",0.292093990058744,2015,"SWE","Sweden","Europe & Central Asia","High income",10.8432636361066,86.6158654081858,7.432,84.1730765958171
"1787",0.296092182557614,2016,"SWE","Sweden","Europe & Central Asia","High income",10.8517869673436,87,6.99,83.4519478574149
"1788",0.261107998192499,2004,"SWE","Sweden","Europe & Central Asia","High income",10.7169627524894,84.2670710494849,6.693,78.7358819187356
"1789",0.268104835065522,2005,"SWE","Sweden","Europe & Central Asia","High income",10.7405117370243,84.3499984741211,7.81,84.167923018031
"1790",0.264106642566652,2006,"SWE","Sweden","Europe & Central Asia","High income",10.7805872926443,84.4553200620359,7.066,88.3302608918239
"1791",0.271103479439675,2007,"SWE","Sweden","Europe & Central Asia","High income",10.8049113758869,84.5906875454778,6.161,89.5469236610223
"1792",0.28109896068685,2008,"SWE","Sweden","Europe & Central Asia","High income",10.7878470395394,84.7517366727063,6.235,92.8083687095596
"1793",0.27310257568911,2009,"SWE","Sweden","Europe & Central Asia","High income",10.7358398055594,84.9341031919813,8.351,81.958313967393
"1794",0.27710076818798,2010,"SWE","Sweden","Europe & Central Asia","High income",10.7832294231063,85.1334228515625,8.61,85.0914849272733
"1795",0.276101220063263,2011,"SWE","Sweden","Europe & Central Asia","High income",10.8068265825652,85.3600748880524,7.804,86.3907448060188
"1796",0.289095345684591,2020,"SWE","Sweden","Europe & Central Asia","High income",10.8517532174741,87.9424046895699,8.291,84.4745958141618
"1797",0.288095797559873,2017,"SWE","Sweden","Europe & Central Asia","High income",10.856965678266,87.237373786911,6.718,86.0693088740521
"1798",0.300090375056484,2018,"SWE","Sweden","Europe & Central Asia","High income",10.8628969150141,87.4737430925296,6.365,90.4087142361701
"1799",0.293093538183461,2019,"SWE","Sweden","Europe & Central Asia","High income",10.8785076515903,87.7088420242759,6.833,92.7511390290561
"1800",0.298091278807049,2021,"SWE","Sweden","Europe & Central Asia","High income",10.8966862446354,88.1741651958315,8.722,91.1102374413042
"1801",0.316083145051966,2022,"SWE","Sweden","Europe & Central Asia","High income",10.9023566254179,88.4038576504809,7.392,107.111751826512
"1802",0.293093538183461,2023,"SWE","Sweden","Europe & Central Asia","High income",10.8955867488488,88.631216160938,7.611,107.619709443974
"1803",0.316083145051966,2004,"CHE","Switzerland","Europe & Central Asia","High income",11.221485455323,73.4761317507392,4.316,95.5170944588529
"1804",0.33907275192047,2006,"CHE","Switzerland","Europe & Central Asia","High income",11.2758580223841,73.5115823179813,3.995,106.245154784945
"1805",0.34307094441934,2007,"CHE","Switzerland","Europe & Central Asia","High income",11.3053374232014,73.5283795081459,3.641,113.331857768509
"1806",0.338073203795752,2008,"CHE","Switzerland","Europe & Central Asia","High income",11.3203240678807,73.5482927401305,3.35,116.778000147488
"1807",0.33907275192047,1992,"CHE","Switzerland","Europe & Central Asia","High income",11.124001015837,69.820059647118,2.344,78.8826452809998
"1808",0.334075011296882,2000,"CHE","Switzerland","Europe & Central Asia","High income",11.2084354464295,73.302430524727,2.658,97.9368562124093
"1809",0.317082693176683,2002,"CHE","Switzerland","Europe & Central Asia","High income",11.2094443749388,73.4195324136588,2.924,91.7818508640225
"1810",0.327078174423859,2017,"CHE","Switzerland","Europe & Central Asia","High income",11.3500251527532,77.9126273688843,4.797,123.621807602301
"1811",0.331076366922729,2018,"CHE","Switzerland","Europe & Central Asia","High income",11.3708618013425,79.2922201625844,4.713,124.428504325808
"1812",0.340072300045188,2019,"CHE","Switzerland","Europe & Central Asia","High income",11.3750837726037,80.7792907322229,4.394,124.127612180467
"1813",0.337073655671035,2020,"CHE","Switzerland","Europe & Central Asia","High income",11.3461269592948,82.3416838515457,4.817,121.785977998371
"1814",0.338073203795752,2021,"CHE","Switzerland","Europe & Central Asia","High income",11.392577676644,84.2006477608879,5.013,130.016261288489
"1815",0.329077270673294,2009,"CHE","Switzerland","Europe & Central Asia","High income",11.2845874670852,73.5741230920283,4.109,109.775984598968
"1816",0.326078626299141,2010,"CHE","Switzerland","Europe & Central Asia","High income",11.3060909802593,73.6086716419323,4.808,120.065123269341
"1817",0.317082693176683,2011,"CHE","Switzerland","Europe & Central Asia","High income",11.3129408659429,73.65058748615,4.409,125.556273159907
"1818",0.316083145051966,2012,"CHE","Switzerland","Europe & Central Asia","High income",11.3140462210463,73.7522629583622,4.491,126.453860464505
"1819",0.325079078174424,2013,"CHE","Switzerland","Europe & Central Asia","High income",11.3203101677657,74.1121384785551,4.747,133.693708414477
"1820",0.325079078174424,2014,"CHE","Switzerland","Europe & Central Asia","High income",11.3313360955275,74.7402679059582,4.826,120.213423375239
"1821",0.323079981924989,2015,"CHE","Switzerland","Europe & Central Asia","High income",11.3362652238491,75.6044960143169,4.801,117.138482218872
"1822",0.330076818798012,2016,"CHE","Switzerland","Europe & Central Asia","High income",11.3458207410927,76.6726675773771,4.918,123.565924513577
"1823",0.338073203795752,2022,"CHE","Switzerland","Europe & Central Asia","High income",11.4142648925634,84.9206266284521,4.122,138.500698753519
"1824",0.404043380027112,2009,"SYR","Syrian Arab Republic","Middle East & North Africa","Low income",7.3027694574937,55.0293653833552,8.14,59.9438252393676
"1825",0.352066877541798,1996,"SYR","Syrian Arab Republic","Middle East & North Africa","Low income",7.14681253025115,50.3656541639413,7.222,69.9141790558683
"1826",0.375056484410303,2003,"SYR","Syrian Arab Republic","Middle East & North Africa","Low income",7.17585801499356,53.1024010548332,10.28,61.5469905405418
"1827",0.40104473565296,2006,"SYR","Syrian Arab Republic","Middle East & North Africa","Low income",7.25892112753258,54.059770380523,8.17,74.2052265865927
"1828",0.266105738816087,2022,"SYR","Syrian Arab Republic","Middle East & North Africa","Low income",6.56846025151298,72.6124992370605,13.268,35.6094680799956
"1829",0.340072300045188,2015,"TJK","Tajikistan","Europe & Central Asia","Lower middle income",6.86371593823578,26.478832244873,11.485,49.9378160689555
"1830",0.295092634432897,1999,"TJK","Tajikistan","Europe & Central Asia","Lower middle income",5.99497433505974,26.5734242965209,4.45,133.60594795539
"1831",0.327078174423859,2003,"TJK","Tajikistan","Europe & Central Asia","Lower middle income",6.30333571481268,26.5331204386766,3.85,137.669592976856
"1832",0.336074107546317,2004,"TJK","Tajikistan","Europe & Central Asia","Lower middle income",6.38174344520545,26.5327772632159,3.616,128.338170674363
"1833",0.322080433800271,2007,"TJK","Tajikistan","Europe & Central Asia","Lower middle income",6.53157840533691,26.5315339938424,2.874,145.528099715723
"1834",0.308086760054225,2009,"TJK","Tajikistan","Europe & Central Asia","Lower middle income",6.60558594242453,26.529186594207,11.5,85.9781370434108
"1835",0.380054225033891,2023,"TJK","Tajikistan","Europe & Central Asia","Lower middle income",7.24929148889284,26.1890127571429,11.546,65.6347010367354
"1836",0.324079530049706,2021,"TJK","Tajikistan","Europe & Central Asia","Lower middle income",7.13414953775556,26.1991525151375,12.333,71.825937435383
"1837",0.395047446904654,2022,"TJK","Tajikistan","Europe & Central Asia","Lower middle income",7.18973772908326,26.1957126615618,11.634,65.4355115893577
"1838",0.353066425666516,1991,"TZA","Tanzania","Sub-Saharan Africa","Lower middle income",6.28965430740064,19.2671438253849,3.6,30.2316225499322
"1839",0.373057388160868,2000,"TZA","Tanzania","Sub-Saharan Africa","Lower middle income",6.31959509462328,22.1944164040635,3.127,23.9891151549808
"1840",0.403043831902395,2007,"TZA","Tanzania","Sub-Saharan Africa","Lower middle income",6.59512458786593,26.0720614791471,3.023,48.0583947796554
"1841",0.378055128784455,2011,"TZA","Tanzania","Sub-Saharan Africa","Lower middle income",6.73220983349677,28.865726405543,3.47,56.1661241821809
"1842",0.40504292815183,2018,"TZA","Tanzania","Sub-Saharan Africa","Lower middle income",6.93148670664962,32.8287423010834,2.393,32.6426099043737
"1843",0.415038409399006,1998,"THA","Thailand","East Asia & Pacific","Upper middle income",8.10027075319704,28.7216489344742,3.404,100.240473732828
"1844",0.431031179394487,1999,"THA","Thailand","East Asia & Pacific","Upper middle income",8.132438349625,30.1568149999886,2.968,100.706288704433
"1845",0.428032535020334,2000,"THA","Thailand","East Asia & Pacific","Upper middle income",8.16471418355719,31.4626212652205,2.389,121.297955351472
"1846",0.419036601897876,2002,"THA","Thailand","East Asia & Pacific","Upper middle income",8.23847197582461,34.0732781018222,1.82,114.969743021067
"1847",0.479009489380931,1992,"THA","Thailand","East Asia & Pacific","Upper middle income",8.00297978682566,20.2251472411188,1.35,77.9546456926093
"1848",0.435029371893357,1994,"THA","Thailand","East Asia & Pacific","Upper middle income",8.12902459233527,22.6578637457835,1.347,81.2489529938277
"1849",0.429032083145052,1996,"THA","Thailand","East Asia & Pacific","Upper middle income",8.23399800962009,25.6410878617897,1.071,84.2741479979753
"1850",0.375056484410303,2011,"THA","Thailand","East Asia & Pacific","Upper middle income",8.53114292032516,44.8048723557374,0.66,139.675407224576
"1851",0.393048350655219,2012,"THA","Thailand","East Asia & Pacific","Upper middle income",8.5948722081467,45.373565813715,0.58,137.67493851024
"1852",0.378055128784455,2013,"THA","Thailand","East Asia & Pacific","Upper middle income",8.61551911776252,45.8321343847773,0.249,132.462274174269
"1853",0.370058743786715,2014,"THA","Thailand","East Asia & Pacific","Upper middle income",8.62001436452241,46.3138799467897,0.576,130.905495444398
"1854",0.360063262539539,2015,"THA","Thailand","East Asia & Pacific","Upper middle income",8.64626398730096,46.9521043776171,0.597,124.839662152526
"1855",0.425033890646182,2004,"THA","Thailand","East Asia & Pacific","Upper middle income",8.35061227559197,36.785516284484,1.51,127.411873720393
"1856",0.418037053773159,2006,"THA","Thailand","East Asia & Pacific","Upper middle income",8.42321762102735,39.4424037014582,1.22,134.086946191268
"1857",0.398046091278807,2007,"THA","Thailand","East Asia & Pacific","Upper middle income",8.46814308123991,40.7036878697821,1.18,129.873226989717
"1858",0.403043831902395,2008,"THA","Thailand","East Asia & Pacific","Upper middle income",8.47757129730157,41.8954507430475,1.18,140.437011540931
"1859",0.396046995029372,2009,"THA","Thailand","East Asia & Pacific","Upper middle income",8.46325573011599,42.9991311200422,1.49,119.269418854589
"1860",0.394047898779937,2010,"THA","Thailand","East Asia & Pacific","Upper middle income",8.52899477364895,44.0018736622496,0.622,127.250522638251
"1861",0.367060099412562,2016,"THA","Thailand","East Asia & Pacific","Upper middle income",8.67552606157134,47.8801095551247,0.688,120.57522728913
"1862",0.364061455038409,2017,"THA","Thailand","East Asia & Pacific","Upper middle income",8.71222415330856,49.2311973571777,0.83,120.891427433638
"1863",0.364061455038409,2018,"THA","Thailand","East Asia & Pacific","Upper middle income",8.75055626255621,54.5843734741211,0.765,120.841864730984
"1864",0.349068233167646,2019,"THA","Thailand","East Asia & Pacific","Upper middle income",8.76943527676275,55.9266166687012,0.716,109.689514715166
"1865",0.350067781292363,2020,"THA","Thailand","East Asia & Pacific","Upper middle income",8.70536199923105,57.2358779907227,1.099,97.8007432465178
"1866",0.349068233167646,2021,"THA","Thailand","East Asia & Pacific","Upper middle income",8.71956684851891,58.5087776184082,1.215,117.252944620852
"1867",0.34307094441934,2022,"THA","Thailand","East Asia & Pacific","Upper middle income",8.74493185124218,59.742374420166,0.94,132.858712082871
"1868",0.3350745594216,2023,"THA","Thailand","East Asia & Pacific","Upper middle income",8.76536714423803,60.9341926574707,0.733,128.824114152375
"1869",0.278100316312698,2007,"TLS","Timor-Leste","East Asia & Pacific","Lower middle income",6.86885686602834,28.0011655196859,3.489,128.760893188042
"1870",0.359063714414821,2001,"TLS","Timor-Leste","East Asia & Pacific","Lower middle income",7.08401513705901,24.469641672156,3.363,166.743432303288
"1871",0.287096249435156,2014,"TLS","Timor-Leste","East Asia & Pacific","Lower middle income",7.18004317926742,29.5463092024041,3.618,82.7357767711716
"1872",0.460018075011297,2011,"TGO","Togo","Sub-Saharan Africa","Low income",6.49822693790393,37.9872305648732,1.982,77.732312664143
"1873",0.422035246272029,2006,"TGO","Togo","Sub-Saharan Africa","Low income",6.44425828493656,35.795057579151,4.229,61.6128604620733
"1874",0.43003163126977,2015,"TGO","Togo","Sub-Saharan Africa","Low income",6.62147487385192,39.7162551272934,2.204,69.1281378813376
"1875",0.379054676909173,2021,"TGO","Togo","Sub-Saharan Africa","Low income",6.72116867996963,42.3105904515122,2.333,56.3775580757321
"1876",0.425033890646182,2018,"TGO","Togo","Sub-Saharan Africa","Low income",6.67404661946347,41.013328267781,2.898,57.5737388499452
"1877",0.377055580659738,2000,"TON","Tonga","East Asia & Pacific","Upper middle income",8.26015302341576,23.0251513819988,4.12,61.508239295468
"1878",0.3350745594216,2015,"TON","Tonga","East Asia & Pacific","Upper middle income",8.32455538218782,23.2434422818439,2.024,81.3902410936397
"1879",0.375056484410303,2009,"TON","Tonga","East Asia & Pacific","Upper middle income",8.19719749634882,23.3612068183251,1.407,74.3406648891028
"1880",0.271103479439675,2021,"TON","Tonga","East Asia & Pacific","Upper middle income",8.43661210727895,21.258003897665,2.111,68.5461486002269
"1881",0.328077722548577,2015,"TUN","Tunisia","Middle East & North Africa","Lower middle income",8.29777960932586,67.8807907104492,15.159,87.2485306596052
"1882",0.417037505648441,1995,"TUN","Tunisia","Middle East & North Africa","Lower middle income",7.75043911332608,61.623411363114,16.339,93.7144465686907
"1883",0.408041572525983,2000,"TUN","Tunisia","Middle East & North Africa","Lower middle income",7.96016551426406,63.6166653822584,14.94,82.639110670191
"1884",0.377055580659738,2005,"TUN","Tunisia","Middle East & North Africa","Lower middle income",8.10226489994387,65.2340901739004,12.872,90.2512478803945
"1885",0.385051965657479,2010,"TUN","Tunisia","Middle East & North Africa","Lower middle income",8.27050110159499,66.6280059814453,13.049,100.151009836799
"1886",0.337073655671035,2021,"TUN","Tunisia","Middle East & North Africa","Lower middle income",8.26938116738267,69.3997523770568,16.611,93.6334140664079
"1887",0.424034342521464,2018,"TUR","Turkiye","Europe & Central Asia","Upper middle income",9.41368996626936,88.1655749576173,10.956,62.8251323851165
"1888",0.445024853140533,2022,"TUR","Turkiye","Europe & Central Asia","Upper middle income",9.56616518824288,89.0381164550781,10.465,79.8982722314341
"1889",0.43802801626751,2019,"TUR","Turkiye","Europe & Central Asia","Upper middle income",9.4123252507766,88.6618152857124,13.73,62.5784589326239
"1890",0.43003163126977,2020,"TUR","Turkiye","Europe & Central Asia","Upper middle income",9.42049139134983,88.9303114965222,13.148,60.389853117297
"1891",0.444025305015816,2021,"TUR","Turkiye","Europe & Central Asia","Upper middle income",9.52302754693335,89.1762048153239,11.969,69.6088976086437
"1892",0.413039313149571,1994,"TUR","Turkiye","Europe & Central Asia","Upper middle income",8.56708815411245,54.3347787764387,8.577,41.7458523409412
"1893",0.414038861274288,2002,"TUR","Turkiye","Europe & Central Asia","Upper middle income",8.73419076356985,60.7385342729423,10.358,48.1026101234402
"1894",0.422035246272029,2003,"TUR","Turkiye","Europe & Central Asia","Upper middle income",8.77895308451062,61.5845060653258,10.542,46.3681553387846
"1895",0.413039313149571,2004,"TUR","Turkiye","Europe & Central Asia","Upper middle income",8.86243007717421,62.4388481173262,10.838,48.9934575435266
"1896",0.426033438770899,2005,"TUR","Turkiye","Europe & Central Asia","Upper middle income",8.93894447808543,63.3302470273874,10.636,46.3088308846211
"1897",0.396046995029372,2006,"TUR","Turkiye","Europe & Central Asia","Upper middle income",8.99696339438,64.2873893939536,10.227,48.9456766641314
"1898",0.384052417532761,2007,"TUR","Turkiye","Europe & Central Asia","Upper middle income",9.04517480014172,65.3389618154687,10.285,48.027468179713
"1899",0.390049706281066,2008,"TUR","Turkiye","Europe & Central Asia","Upper middle income",9.04167787570868,66.513650890377,10.965,50.7612500066681
"1900",0.390049706281066,2009,"TUR","Turkiye","Europe & Central Asia","Upper middle income",8.97781559224603,67.8401432171223,14.026,47.0391385732199
"1901",0.388050610031631,2010,"TUR","Turkiye","Europe & Central Asia","Upper middle income",9.04459012037602,69.3471253941487,11.879,46.9433366709891
"1902",0.400045187528242,2011,"TUR","Turkiye","Europe & Central Asia","Upper middle income",9.13409185998852,71.0028723528334,9.789,53.651583897618
"1903",0.402044283777677,2012,"TUR","Turkiye","Europe & Central Asia","Upper middle income",9.16830103943749,73.7788680234324,9.21,53.3277612968607
"1904",0.402044283777677,2013,"TUR","Turkiye","Europe & Central Asia","Upper middle income",9.23692864170461,78.5218368384696,9.713,53.0683530043043
"1905",0.412039765024853,2014,"TUR","Turkiye","Europe & Central Asia","Upper middle income",9.26841871365783,83.6024850744433,9.901,54.30677404128
"1906",0.429032083145052,2015,"TUR","Turkiye","Europe & Central Asia","Upper middle income",9.31151057104938,87.2167107972537,10.304,51.8749252596832
"1907",0.419036601897876,2016,"TUR","Turkiye","Europe & Central Asia","Upper middle income",9.330752566422,88.1020958581776,10.899,48.870183807987
"1908",0.435029371893357,2017,"TUR","Turkiye","Europe & Central Asia","Upper middle income",9.39313231666067,88.0320472717286,10.919,56.1356585158689
"1909",0.408041572525983,1998,"TKM","Turkmenistan","Europe & Central Asia","Upper middle income",7.55323699025485,45.3928311026819,12.2,96.3201143265452
"1910",0.43003163126977,1999,"UGA","Uganda","Sub-Saharan Africa","Low income",6.23334230232278,11.4173129535746,3.468,36.0247101570245
"1911",0.452021690013556,2002,"UGA","Uganda","Sub-Saharan Africa","Low income",6.30518954979226,12.202793574555,3.5,36.2777941561831
"1912",0.414038861274288,1992,"UGA","Uganda","Sub-Saharan Africa","Low income",5.93386089136619,10.2158523630824,3.556,33.0521440510063
"1913",0.390049706281066,1996,"UGA","Uganda","Sub-Saharan Africa","Low income",6.14938219218335,10.8839298766407,3.213,35.3854868820104
"1914",0.410040668775418,2012,"UGA","Uganda","Sub-Saharan Africa","Low income",6.71366125982325,21.372369321253,3.551,43.5021371397314
"1915",0.428032535020334,2016,"UGA","Uganda","Sub-Saharan Africa","Low income",6.77382194346278,25.6953567134098,3.008,31.2093620232119
"1916",0.429032083145052,2005,"UGA","Uganda","Sub-Saharan Africa","Low income",6.40424419373157,13.7907239496723,1.9,38.9942854839061
"1917",0.44202620876638,2009,"UGA","Uganda","Sub-Saharan Africa","Low income",6.61919664317482,17.6123523369348,3.6,47.0638780748379
"1918",0.427032986895617,2019,"UGA","Uganda","Sub-Saharan Africa","Low income",6.82539391193632,27.8369781799403,3.06,39.3610539647435
"1919",0.289095345684591,2004,"UKR","Ukraine","Europe & Central Asia","Upper middle income",7.62190287228965,67.5970968423685,8.59,109.981708544962
"1920",0.290094893809309,2005,"UKR","Ukraine","Europe & Central Asia","Upper middle income",7.66039776745296,67.8136046317755,7.18,94.6475701087848
"1921",0.298091278807049,2006,"UKR","Ukraine","Europe & Central Asia","Upper middle income",7.73985203909152,68.0293347798948,6.81,89.181052639031
"1922",0.270103931314957,2007,"UKR","Ukraine","Europe & Central Asia","Upper middle income",7.82338661381434,68.2102322372037,6.351,88.0465606718626
"1923",0.266105738816087,2008,"UKR","Ukraine","Europe & Central Asia","Upper middle income",7.85076353458207,68.3752085755346,6.363,94.1718921417534
"1924",0.297091730682332,1992,"UKR","Ukraine","Europe & Central Asia","Upper middle income",7.83946759782716,67.8603420916046,1.9,45.9686071925293
"1925",0.289095345684591,1993,"UKR","Ukraine","Europe & Central Asia","Upper middle income",7.68581093932971,67.9179660907452,2,52.0688190027854
"1926",0.392048802530502,1995,"UKR","Ukraine","Europe & Central Asia","Upper middle income",7.30879867911761,67.8409658081403,5.62,97.2296964841051
"1927",0.352066877541798,1996,"UKR","Ukraine","Europe & Central Asia","Upper middle income",7.21197979086607,67.7194202781316,7.65,93.8566450766079
"1928",0.289095345684591,1999,"UKR","Ukraine","Europe & Central Asia","Upper middle income",7.18503331904096,67.4811633424084,11.864,101.951706965548
"1929",0.290094893809309,2002,"UKR","Ukraine","Europe & Central Asia","Upper middle income",7.40505863762652,67.2672733350904,10.136,95.994669810112
"1930",0.287096249435156,2003,"UKR","Ukraine","Europe & Central Asia","Upper middle income",7.50343214803933,67.419679868405,9.057,102.590182257396
"1931",0.250112968820606,2016,"UKR","Ukraine","Europe & Central Asia","Upper middle income",7.67604843212843,69.2102241609089,9.35,105.521204913122
"1932",0.260108450067781,2017,"UKR","Ukraine","Europe & Central Asia","Upper middle income",7.70424976841775,69.2633108489282,9.5,104.034982911399
"1933",0.261107998192499,2018,"UKR","Ukraine","Europe & Central Asia","Upper middle income",7.74442557729374,69.3157992777909,8.799,99.1998150718675
"1934",0.266105738816087,2019,"UKR","Ukraine","Europe & Central Asia","Upper middle income",7.78242301609624,69.3527648708735,8.194,90.5112342910763
"1935",0.256110257568911,2020,"UKR","Ukraine","Europe & Central Asia","Upper middle income",7.75109133974134,69.3839100516745,9.475,79.1564523761815
"1936",0.253111613194758,2009,"UKR","Ukraine","Europe & Central Asia","Upper middle income",7.69082093291978,68.5251442249547,8.84,87.4761626200316
"1937",0.24811387257117,2010,"UKR","Ukraine","Europe & Central Asia","Upper middle income",7.73452990163086,68.637397133357,8.1,95.72973045329
"1938",0.246114776321735,2011,"UKR","Ukraine","Europe & Central Asia","Upper middle income",7.79074600908603,68.7234299826222,7.851,104.805073904259
"1939",0.247114324446453,2012,"UKR","Ukraine","Europe & Central Asia","Upper middle income",7.79438213375864,68.8241983107739,7.529,102.622788356626
"1940",0.246114776321735,2013,"UKR","Ukraine","Europe & Central Asia","Upper middle income",7.79664038788306,68.9326288082226,7.17,94.0016694501782
"1941",0.24011748757343,2014,"UKR","Ukraine","Europe & Central Asia","Upper middle income",7.74441542528003,69.0554339301313,9.27,100.691782483624
"1942",0.255110709444193,2015,"UKR","Ukraine","Europe & Central Asia","Upper middle income",7.64705766809787,69.1587317201337,9.14,107.806616298156
"1943",0.325079078174424,2013,"ARE","United Arab Emirates","Middle East & North Africa","High income",10.6990251008442,83.9558135814626,2.126,157.398083989641
"1944",0.264106642566652,2018,"ARE","United Arab Emirates","Middle East & North Africa","High income",10.6777027427307,84.8601805824625,2.236,154.747005019293
"1945",0.326078626299141,2017,"GBR","United Kingdom","Europe & Central Asia","High income",10.7582863279279,82.23065673273,4.452,63.1899245764158
"1946",0.337073655671035,2018,"GBR","United Kingdom","Europe & Central Asia","High income",10.7687960231068,82.4465657551295,4.12,64.9097721959201
"1947",0.328077722548577,2019,"GBR","United Kingdom","Europe & Central Asia","High income",10.7761347896839,82.6699420738913,3.613,65.0035664177054
"1948",0.333075463172164,2015,"GBR","United Kingdom","Europe & Central Asia","High income",10.7200760619673,81.8243772295647,5.517,57.125044605439
"1949",0.331076366922729,2016,"GBR","United Kingdom","Europe & Central Asia","High income",10.7339591530622,82.0229991698295,4.867,59.8395315138259
"1950",0.350067781292363,1991,"GBR","United Kingdom","Europe & Central Asia","High income",10.2952223432818,78.1020654236402,8.55,45.3156600809302
"1951",0.350067781292363,1992,"GBR","United Kingdom","Europe & Central Asia","High income",10.3053822168349,78.1549335902337,9.772,46.3059467099097
"1952",0.351067329417081,1993,"GBR","United Kingdom","Europe & Central Asia","High income",10.3372942762064,78.2748023147801,10.346,49.7481967801462
"1953",0.360063262539539,1994,"GBR","United Kingdom","Europe & Central Asia","High income",10.3830947715933,78.4474219748331,9.648,51.886107010773
"1954",0.355065521915951,1995,"GBR","United Kingdom","Europe & Central Asia","High income",10.4151732901157,78.6591002712985,8.694,50.8300766971451
"1955",0.353066425666516,1996,"GBR","United Kingdom","Europe & Central Asia","High income",10.4384401432496,78.8961449050823,8.189,52.0576088895797
"1956",0.357064618165386,1997,"GBR","United Kingdom","Europe & Central Asia","High income",10.4835111233603,79.1448635770901,7.072,50.7045618383811
"1957",0.366060551287845,1998,"GBR","United Kingdom","Europe & Central Asia","High income",10.5125444159914,79.391563988228,6.198,49.1409088914683
"1958",0.36805964753728,1999,"GBR","United Kingdom","Europe & Central Asia","High income",10.5382297780347,79.6225538394017,6.042,49.4683905163429
"1959",0.388050610031631,2000,"GBR","United Kingdom","Europe & Central Asia","High income",10.5789069359594,79.8241408315172,5.558,52.3380212335903
"1960",0.371058291911432,2001,"GBR","United Kingdom","Europe & Central Asia","High income",10.5986860261472,79.9838301298823,4.696,52.6342367336438
"1961",0.351067329417081,2002,"GBR","United Kingdom","Europe & Central Asia","High income",10.6113985331051,80.1146062677742,5.037,51.2361820991323
"1962",0.349068233167646,2003,"GBR","United Kingdom","Europe & Central Asia","High income",10.638420192767,80.2331593332802,4.807,50.0681187039704
"1963",0.348068685042928,2004,"GBR","United Kingdom","Europe & Central Asia","High income",10.6557245518779,80.3423284929998,4.594,50.2885521756133
"1964",0.355065521915951,2005,"GBR","United Kingdom","Europe & Central Asia","High income",10.6763826943002,80.4455938127627,4.835,52.5442740383211
"1965",0.359063714414821,2006,"GBR","United Kingdom","Europe & Central Asia","High income",10.6906940986835,80.5464353583991,5.411,56.7047791729812
"1966",0.344070492544058,2007,"GBR","United Kingdom","Europe & Central Asia","High income",10.7117952510081,80.6483331957387,5.342,52.7493524964733
"1967",0.354065973791234,2008,"GBR","United Kingdom","Europe & Central Asia","High income",10.7034306859416,80.7547673906116,5.705,56.4365501052604
"1968",0.351067329417081,2009,"GBR","United Kingdom","Europe & Central Asia","High income",10.6489071507009,80.8692180088478,7.627,54.6537301085991
"1969",0.337073655671035,2010,"GBR","United Kingdom","Europe & Central Asia","High income",10.6634219936157,80.995165116277,7.924,59.0511802227821
"1970",0.332075915047447,2011,"GBR","United Kingdom","Europe & Central Asia","High income",10.6640852625162,81.1359685592627,8.169,63.3240615708901
"1971",0.331076366922729,2012,"GBR","United Kingdom","Europe & Central Asia","High income",10.6721294376397,81.2905667759508,8.25,61.9688704472535
"1972",0.327078174423859,2013,"GBR","United Kingdom","Europe & Central Asia","High income",10.6824727758785,81.4573768694887,7.704,61.7195395154583
"1973",0.331076366922729,2014,"GBR","United Kingdom","Europe & Central Asia","High income",10.7061140957501,81.6355750750722,6.363,58.8210228333296
"1974",0.326078626299141,2020,"GBR","United Kingdom","Europe & Central Asia","High income",10.6685474766225,82.9000015258789,4.472,59.1598893030611
"1975",0.324079530049706,2021,"GBR","United Kingdom","Europe & Central Asia","High income",10.7469353495888,82.9886431523641,4.826,58.53838629291
"1976",0.400045187528242,2020,"USA","United States","North America","High income",10.9885867241987,79.997451762548,8.055,23.4015629969394
"1977",0.417037505648441,2022,"USA","United States","North America","High income",11.0648575856213,80.0324978239707,3.65,27.3139397355363
"1978",0.418037053773159,2023,"USA","United States","North America","High income",11.0850091704111,80.071561119178,3.638,25.2903297883366
"1979",0.397046543154089,2021,"USA","United States","North America","High income",11.0458016906959,80.0074765140272,5.349,25.6095576621932
"1980",0.380054225033891,1991,"USA","United States","North America","High income",10.5571108937245,75.543016838308,6.8,19.7864481240974
"1981",0.384052417532761,1992,"USA","United States","North America","High income",10.5778608038874,75.8943317611462,7.5,19.9505945023923
"1982",0.404043380027112,1993,"USA","United States","North America","High income",10.5918201491505,76.2998113365493,6.9,20.0446187019752
"1983",0.400045187528242,1994,"USA","United States","North America","High income",10.6190569271937,76.7405657773027,6.119,21.0554591617453
"1984",0.399045639403525,1995,"USA","United States","North America","High income",10.6336393762429,77.1977052961919,5.65,22.4533816490568
"1985",0.403043831902395,1996,"USA","United States","North America","High income",10.6590387048989,77.6523401060025,5.451,22.6870719902412
"1986",0.40504292815183,1997,"USA","United States","North America","High income",10.6905099065394,78.0855804195199,5,23.4283210916839
"1987",0.400045187528242,1998,"USA","United States","North America","High income",10.7227082303516,78.4785364495296,4.511,22.8258909523693
"1988",0.400045187528242,1999,"USA","United States","North America","High income",10.7579979616553,78.812318408817,4.219,23.3135637046602
"1989",0.40104473565296,2000,"USA","United States","North America","High income",10.7868367236009,79.0740897861327,3.992,25.1029953595813
"1990",0.406042476276548,2001,"USA","United States","North America","High income",10.7864493293362,79.3086223667912,4.731,22.967181335596
"1991",0.404043380027112,2002,"USA","United States","North America","High income",10.7940328700259,79.5461039768657,5.783,22.2863741094897
"1992",0.408041572525983,2003,"USA","United States","North America","High income",10.8130104754683,79.7773350255284,5.989,22.6273130062789
"1993",0.40504292815183,2004,"USA","United States","North America","High income",10.841511542931,79.9960936968363,5.529,24.4480622643257
"1994",0.413039313149571,2005,"USA","United States","North America","High income",10.8665368875241,80.1961581748464,5.084,25.6385530316517
"1995",0.417037505648441,2006,"USA","United States","North America","High income",10.8843591114346,80.3713066436159,4.623,26.9752780973197
"1996",0.411040216900136,2007,"USA","United States","North America","High income",10.8946890120372,80.5153172872016,4.622,28.0120176822667
"1997",0.411040216900136,2008,"USA","United States","North America","High income",10.8863655870481,80.6219682896606,5.784,29.8677957945319
"1998",0.408041572525983,2009,"USA","United States","North America","High income",10.8514963403628,80.6850378350499,9.254,24.7595311689876
"1999",0.402044283777677,2010,"USA","United States","North America","High income",10.8696301612091,80.6997744673366,9.633,28.2198952346731
"2000",0.412039765024853,2011,"USA","United States","North America","High income",10.8772291794508,80.6957554256024,8.949,30.8424862411943
"2001",0.412039765024853,2012,"USA","United States","North America","High income",10.8918784132364,80.6837493386238,8.069,30.6818353657295
"2002",0.4090411206507,2013,"USA","United States","North America","High income",10.9052699700098,80.660889281215,7.375,30.0079539684645
"2003",0.417037505648441,2014,"USA","United States","North America","High income",10.9222347060498,80.6242231779766,6.168,30.0044781614855
"2004",0.415038409399006,2015,"USA","United States","North America","High income",10.9432856850193,80.5707989535091,5.28,27.8235649187872
"2005",0.413039313149571,2016,"USA","United States","North America","High income",10.9534604054594,80.4976645324131,4.869,26.6079620604584
"2006",0.414038861274288,2017,"USA","United States","North America","High income",10.9708104290435,80.4018678392891,4.355,27.3130208877206
"2007",0.418037053773159,2018,"USA","United States","North America","High income",10.9941796541422,80.2804567987377,3.896,27.6103792720958
"2008",0.419036601897876,2019,"USA","United States","North America","High income",11.0145386550974,80.1304793353594,3.669,26.4537594940475
"2009",0.415038409399006,1992,"URY","Uruguay","Latin America & Caribbean","High income",9.12625756298721,89.780655787039,8.96,40.0730436292529
"2010",0.4090411206507,1995,"URY","Uruguay","Latin America & Caribbean","High income",9.1924713480277,90.6034292163637,10.02,38.0976748425287
"2011",0.408041572525983,1996,"URY","Uruguay","Latin America & Caribbean","High income",9.24147102143148,90.7987169022654,11.93,39.5284364552889
"2012",0.415038409399006,1997,"URY","Uruguay","Latin America & Caribbean","High income",9.31819585775088,90.9527192912429,11.44,37.706397080707
"2013",0.425033890646182,1998,"URY","Uruguay","Latin America & Caribbean","High income",9.35746205065295,91.0763563098556,9.362,35.6400154006956
"2014",0.43402982376864,2000,"URY","Uruguay","Latin America & Caribbean","High income",9.31436978823954,91.2769768173566,12.627,36.7137381507902
"2015",0.450022593764121,2001,"URY","Uruguay","Latin America & Caribbean","High income",9.27271004930211,91.3759250620534,15.052,36.3095126435057
"2016",0.455020334387709,2002,"URY","Uruguay","Latin America & Caribbean","High income",9.19082837569918,91.4886084712534,16.648,40.02906730756
"2017",0.450022593764121,2003,"URY","Uruguay","Latin America & Caribbean","High income",9.19814195726254,91.6260094228609,16.661,51.7591995826472
"2018",0.459018526886579,2004,"URY","Uruguay","Latin America & Caribbean","High income",9.2463739672652,91.8009434091917,12.98,61.4766880860242
"2019",0.447023949389968,2005,"URY","Uruguay","Latin America & Caribbean","High income",9.31752508678089,92.0812710048572,12.009,58.8776963255774
"2020",0.459018526886579,2006,"URY","Uruguay","Latin America & Caribbean","High income",9.35655713624354,92.4845482788191,10.844,61.9715745165876
"2021",0.464016267510167,2007,"URY","Uruguay","Latin America & Caribbean","High income",9.41820643331636,92.9603688038713,9.403,59.2104478374095
"2022",0.451022141888839,2008,"URY","Uruguay","Latin America & Caribbean","High income",9.48538059301659,93.45975578621,8.025,65.2080950071821
"2023",0.455020334387709,2009,"URY","Uruguay","Latin America & Caribbean","High income",9.52454612643267,93.9337324320314,7.74,53.3944192683736
"2024",0.445024853140533,2010,"URY","Uruguay","Latin America & Caribbean","High income",9.59712392869977,94.3333219475319,7.158,51.6990372012256
"2025",0.422035246272029,2011,"URY","Uruguay","Latin America & Caribbean","High income",9.64497561085726,94.6036824756941,6.307,53.2470340109018
"2026",0.399045639403525,2012,"URY","Uruguay","Latin America & Caribbean","High income",9.67717132977722,94.7606597546186,6.451,55.0611541633768
"2027",0.40504292815183,2013,"URY","Uruguay","Latin America & Caribbean","High income",9.71952898507496,94.8844735142936,6.444,49.7178464746233
"2028",0.40104473565296,2014,"URY","Uruguay","Latin America & Caribbean","High income",9.74812159450951,94.9897821210514,6.547,49.0876240632174
"2029",0.40104473565296,2015,"URY","Uruguay","Latin America & Caribbean","High income",9.74834731459277,95.0800002298303,7.488,45.3282408087534
"2030",0.397046543154089,2016,"URY","Uruguay","Latin America & Caribbean","High income",9.76176470129407,95.1585424955685,7.841,48.4705583785623
"2031",0.395047446904654,2017,"URY","Uruguay","Latin America & Caribbean","High income",9.77631326322153,95.2288235732042,7.89,46.3780042035515
"2032",0.397046543154089,2018,"URY","Uruguay","Latin America & Caribbean","High income",9.77616224055031,95.2942581176758,8.336,47.7913104806475
"2033",0.397046543154089,2019,"URY","Uruguay","Latin America & Caribbean","High income",9.78461608685268,95.3479309082031,8.836,49.7448341159636
"2034",0.402044283777677,2020,"URY","Uruguay","Latin America & Caribbean","High income",9.70767724014654,95.3997650146484,10.413,47.7318733182088
"2035",0.408041572525983,2021,"URY","Uruguay","Latin America & Caribbean","High income",9.76514490268965,95.4497146606445,9.328,58.3150410230338
"2036",0.406042476276548,2022,"URY","Uruguay","Latin America & Caribbean","High income",9.8107336740484,95.4977416992188,7.877,61.0307951043821
"2037",0.4090411206507,2023,"URY","Uruguay","Latin America & Caribbean","High income",9.81896308188621,95.5439605712891,8.355,52.910987066463
"2038",0.400045187528242,2024,"URY","Uruguay","Latin America & Caribbean","High income",9.85001310903206,95.5981951588181,8.401,52.4649167856379
"2039",0.441026660641663,1998,"UZB","Uzbekistan","Europe & Central Asia","Lower middle income",7.09348004856108,45.9623687995325,13.3,45.4179547762326
"2040",0.359063714414821,2000,"UZB","Uzbekistan","Europe & Central Asia","Lower middle income",7.14655276598341,47.6731005044,12.317,44.0540299791129
"2041",0.330076818798012,2002,"UZB","Uzbekistan","Europe & Central Asia","Lower middle income",7.20188648088437,49.2574592650723,10.283,58.954524710746
"2042",0.352066877541798,2003,"UZB","Uzbekistan","Europe & Central Asia","Lower middle income",7.23116089513755,49.9566881481443,9.248,70.4592746850874
"2043",0.329077270673294,2021,"UZB","Uzbekistan","Europe & Central Asia","Lower middle income",8.14401854277737,50.9269905090332,5.364,57.4589716973222
"2044",0.312084952553095,2022,"UZB","Uzbekistan","Europe & Central Asia","Lower middle income",8.18220020776562,50.9847412109375,4.49,62.8412525378517
"2045",0.345070040668775,2023,"UZB","Uzbekistan","Europe & Central Asia","Lower middle income",8.22300309317353,50.9964841114568,4.46,66.1051443040339
"2046",0.346069588793493,2024,"UZB","Uzbekistan","Europe & Central Asia","Lower middle income",8.26627135396865,50.9986686706543,4.488,60.7274403812997
"2047",0.374056936285585,2010,"VUT","Vanuatu","East Asia & Pacific","Lower middle income",7.95744821691124,24.742504119873,4.685,103.823312203828
"2048",0.323079981924989,2019,"VUT","Vanuatu","East Asia & Pacific","Lower middle income",8.00175819115894,23.5024668917075,5.444,99.3829688227082
"2049",0.421035698147311,1992,"VEN","Venezuela, RB","Latin America & Caribbean","Not classified",8.33747754194193,84.8766356611879,7.69,53.4761391974746
"2050",0.472012652507908,1995,"VEN","Venezuela, RB","Latin America & Caribbean","Not classified",8.28943216954129,86.352867491272,10.24,47.3423429413769
"2051",0.480009037505648,1998,"VEN","Venezuela, RB","Latin America & Caribbean","Not classified",8.29066055762667,87.6459206250794,11.15,43.5993929334366
"2052",0.477010393131496,1999,"VEN","Venezuela, RB","Latin America & Caribbean","Not classified",8.2095780462578,87.9708821733583,14.53,42.0702304843238
"2053",0.472012652507908,2001,"VEN","Venezuela, RB","Latin America & Caribbean","Not classified",8.24191541253271,88.372774123042,13.04,42.141268017362
"2054",0.489004970628107,2002,"VEN","Venezuela, RB","Latin America & Caribbean","Not classified",8.1311095923503,88.4553810951083,16.17,48.5757106494068
"2055",0.479009489380931,2003,"VEN","Venezuela, RB","Latin America & Caribbean","Not classified",8.03257560185973,88.522274342774,16.78,50.577007378194
"2056",0.473012200632625,2004,"VEN","Venezuela, RB","Latin America & Caribbean","Not classified",8.18335664666519,88.5835546444319,15.07,55.3674556023219
"2057",0.493003163126977,2005,"VEN","Venezuela, RB","Latin America & Caribbean","Not classified",8.26480124843673,88.638673298371,10.663,60.1273297561422
"2058",0.447023949389968,2006,"VEN","Venezuela, RB","Latin America & Caribbean","Not classified",8.34269638188449,88.6870816028803,8.606,58.6655915584603
"2059",0.357064618165386,1992,"VNM","Viet Nam","East Asia & Pacific","Lower middle income",6.63320112897118,19.8252510026665,2.11,73.5768851264792
"2060",0.354065973791234,1997,"VNM","Viet Nam","East Asia & Pacific","Lower middle income",6.97052163256963,22.6883281488073,2.87,94.3444840684516
"2061",0.370058743786715,2002,"VNM","Viet Nam","East Asia & Pacific","Lower middle income",7.20081041906999,25.5540925665659,2.12,116.696868652499
"2062",0.36805964753728,2004,"VNM","Viet Nam","East Asia & Pacific","Lower middle income",7.32049022466608,26.8021001307977,2.14,133.016497868747
"2063",0.358064166290104,2006,"VNM","Viet Nam","East Asia & Pacific","Lower middle income",7.43819304333459,28.0458290558422,2.046,138.313621869598
"2064",0.356065070040669,2008,"VNM","Viet Nam","East Asia & Pacific","Lower middle income",7.52618171444125,29.2198330128693,1.889,154.317479627758
"2065",0.393048350655219,2010,"VNM","Viet Nam","East Asia & Pacific","Lower middle income",7.61459915201048,30.2504027258526,1.114,113.977687539714
"2066",0.356065070040669,2012,"VNM","Viet Nam","East Asia & Pacific","Lower middle income",7.70711393217295,31.1222779403029,1.027,123.224116745985
"2067",0.348068685042928,2014,"VNM","Viet Nam","East Asia & Pacific","Lower middle income",7.79946088104157,31.9480269945454,1.256,135.410521454361
"2068",0.353066425666516,2016,"VNM","Viet Nam","East Asia & Pacific","Lower middle income",7.90676042301615,32.8476189285136,1.848,145.409507973118
"2069",0.357064618165386,2018,"VNM","Viet Nam","East Asia & Pacific","Lower middle income",8.02233385081529,33.9410227821412,1.161,164.663936775893
"2070",0.36805964753728,2020,"VNM","Viet Nam","East Asia & Pacific","Lower middle income",8.10263774047588,35.5706676299742,2.103,163.245862814935
"2071",0.361062810664257,2022,"VNM","Viet Nam","East Asia & Pacific","Lower middle income",8.19358354792451,37.5478515625,1.523,183.153619147836
"2072",0.340072300045188,2004,"PSE","West Bank and Gaza","Middle East & North Africa","Lower middle income",7.79417040883617,78.9926422349822,23.215,81.1235906237101
"2073",0.347069136918211,2005,"PSE","West Bank and Gaza","Middle East & North Africa","Lower middle income",7.87559285730784,80.5172240645229,20.016,83.8363540589578
"2074",0.340072300045188,2006,"PSE","West Bank and Gaza","Middle East & North Africa","Lower middle income",7.84002472093093,81.7611786265942,19.014,82.6374735897388
"2075",0.356065070040669,2007,"PSE","West Bank and Gaza","Middle East & North Africa","Lower middle income",7.85165508490943,82.596126313073,18.282,91.9992434272745
"2076",0.345070040668775,2009,"PSE","West Bank and Gaza","Middle East & North Africa","Lower middle income",7.9515649472289,83.5050344815957,20.452,75.1511928466305
"2077",0.353066425666516,2010,"PSE","West Bank and Gaza","Middle East & North Africa","Lower middle income",7.98176096636826,83.8853491139676,21.416,68.4976501575169
"2078",0.344070492544058,2011,"PSE","West Bank and Gaza","Middle East & North Africa","Lower middle income",8.04818366328464,84.2340950604341,17.597,67.2495329024414
"2079",0.337073655671035,2016,"PSE","West Bank and Gaza","Middle East & North Africa","Lower middle income",8.15567770387785,85.3377390706351,23.939,65.4225141833383
"2080",0.350067781292363,1998,"YEM","Yemen, Rep.","Middle East & North Africa","Low income",7.62152390728312,25.5432575968119,10.829,72.6619985473237
"2081",0.347069136918211,2005,"YEM","Yemen, Rep.","Middle East & North Africa","Low income",7.71317595727708,28.8523786558834,12.215,76.773285677642
"2082",0.367060099412562,2014,"YEM","Yemen, Rep.","Middle East & North Africa","Low income",7.5756680045243,31.8626162180918,13.467,48.2430405122774
"2083",0.483007681879801,1996,"ZMB","Zambia","Sub-Saharan Africa","Lower middle income",6.6796218735683,37.9842763417749,15.3,63.8214821755312
"2084",0.491004066877542,1998,"ZMB","Zambia","Sub-Saharan Africa","Lower middle income",6.66142419239179,36.7233466797411,12,56.2503070199594
"2085",0.421035698147311,2002,"ZMB","Zambia","Sub-Saharan Africa","Lower middle income",6.72505906507177,36.0706035730014,14.131,64.9164969990648
"2086",0.542980569362856,2004,"ZMB","Zambia","Sub-Saharan Africa","Lower middle income",6.79735459245893,36.8035881130253,15.33,70.8130749317722
"2087",0.545979213737009,2006,"ZMB","Zambia","Sub-Saharan Africa","Lower middle income",6.87581411313473,37.8392213204204,13.229,57.8568188739027
"2088",0.519990962494352,2010,"ZMB","Zambia","Sub-Saharan Africa","Lower middle income",7.07616140038633,39.9558857709992,13.19,65.0147025206122
"2089",0.557973791233619,2015,"ZMB","Zambia","Sub-Saharan Africa","Lower middle income",7.16694364932532,41.9555104679652,5.942,79.8652687573958
"2090",0.514993221870764,2022,"ZMB","Zambia","Sub-Saharan Africa","Lower middle income",7.16923303489339,44.5988511178469,5.995,69.2973154193203
"2091",0.432030727519205,2011,"ZWE","Zimbabwe","Sub-Saharan Africa","Lower middle income",7.07744253321419,32.7567295776968,5.368,89.4659437238642
"2092",0.443025756891098,2017,"ZWE","Zimbabwe","Sub-Saharan Africa","Lower middle income",7.26046601846344,34.7014953017273,6.344,55.028317831061
"2093",0.502998644374153,2019,"ZWE","Zimbabwe","Sub-Saharan Africa","Lower middle income",7.21342279791222,36.1837638266364,7.373,46.1065442675515
